Date;Région;TMin (°C);TMax (°C);TMoy (°C)
01/01/2016;Ile-de-France;3.3;8.76;6.03
02/01/2016;Ile-de-France;6.6;10.86;8.73
03/01/2016;Ile-de-France;5.3;8.08;6.69
04/01/2016;Ile-de-France;5.46;9.76;7.61
05/01/2016;Ile-de-France;5.12;9.0;7.06
06/01/2016;Ile-de-France;6.66;9.54;8.1
07/01/2016;Ile-de-France;6.14;11.72;8.93
08/01/2016;Ile-de-France;2.16;8.0;5.08
09/01/2016;Ile-de-France;3.14;11.28;7.21
10/01/2016;Ile-de-France;4.44;8.14;6.29
11/01/2016;Ile-de-France;3.64;8.8;6.22
12/01/2016;Ile-de-France;4.78;7.82;6.3
13/01/2016;Ile-de-France;2.76;6.7;4.73
14/01/2016;Ile-de-France;2.34;7.88;5.11
15/01/2016;Ile-de-France;0.86;5.52;3.19
16/01/2016;Ile-de-France;-1.3;5.48;2.09
17/01/2016;Ile-de-France;0.08;3.86;1.97
18/01/2016;Ile-de-France;-1.92;0.4;-0.76
19/01/2016;Ile-de-France;-3.2;0.58;-1.31
20/01/2016;Ile-de-France;-5.18;-0.66;-2.92
21/01/2016;Ile-de-France;-5.56;4.32;-0.62
22/01/2016;Ile-de-France;-1.82;7.34;2.76
23/01/2016;Ile-de-France;4.9;7.08;5.99
24/01/2016;Ile-de-France;4.82;10.88;7.85
25/01/2016;Ile-de-France;3.84;13.58;8.71
26/01/2016;Ile-de-France;6.1;11.6;8.85
27/01/2016;Ile-de-France;9.34;12.32;10.83
28/01/2016;Ile-de-France;5.94;9.24;7.59
29/01/2016;Ile-de-France;1.74;9.26;5.5
30/01/2016;Ile-de-France;6.62;9.4;8.01
31/01/2016;Ile-de-France;6.08;13.44;9.76
01/02/2016;Ile-de-France;10.8;12.62;11.71
02/02/2016;Ile-de-France;7.92;11.98;9.95
03/02/2016;Ile-de-France;4.66;8.3;6.48
04/02/2016;Ile-de-France;3.65;11.1;7.38
05/02/2016;Ile-de-France;9.25;10.95;10.1
06/02/2016;Ile-de-France;6.56;14.06;10.31
07/02/2016;Ile-de-France;6.62;11.48;9.05
08/02/2016;Ile-de-France;6.1;11.52;8.81
09/02/2016;Ile-de-France;3.9;12.42;8.16
10/02/2016;Ile-de-France;2.2;8.16;5.18
11/02/2016;Ile-de-France;2.42;8.64;5.53
12/02/2016;Ile-de-France;1.7;4.32;3.01
13/02/2016;Ile-de-France;3.0;9.16;6.08
14/02/2016;Ile-de-France;4.28;8.1;6.19
15/02/2016;Ile-de-France;2.3;7.08;4.69
16/02/2016;Ile-de-France;-0.98;5.9;2.46
17/02/2016;Ile-de-France;-3.94;4.42;0.24
18/02/2016;Ile-de-France;-2.44;4.0;0.78
19/02/2016;Ile-de-France;-0.56;9.32;4.38
20/02/2016;Ile-de-France;4.9;12.2;8.55
21/02/2016;Ile-de-France;9.98;12.52;11.25
22/02/2016;Ile-de-France;9.18;11.92;10.55
23/02/2016;Ile-de-France;4.44;9.44;6.94
24/02/2016;Ile-de-France;-0.48;6.96;3.24
25/02/2016;Ile-de-France;-0.4;7.46;3.53
26/02/2016;Ile-de-France;-1.84;6.92;2.54
27/02/2016;Ile-de-France;-0.24;7.76;3.76
28/02/2016;Ile-de-France;0.0;6.52;3.26
29/02/2016;Ile-de-France;-0.1;7.9;3.9
01/03/2016;Ile-de-France;-0.84;9.72;4.44
02/03/2016;Ile-de-France;1.3;10.64;5.97
03/03/2016;Ile-de-France;3.76;8.62;6.19
04/03/2016;Ile-de-France;3.42;8.46;5.94
05/03/2016;Ile-de-France;1.02;7.26;4.14
06/03/2016;Ile-de-France;1.46;8.08;4.77
07/03/2016;Ile-de-France;0.98;6.3;3.64
08/03/2016;Ile-de-France;0.38;8.92;4.65
09/03/2016;Ile-de-France;4.04;9.08;6.56
10/03/2016;Ile-de-France;3.66;9.22;6.44
11/03/2016;Ile-de-France;3.34;11.14;7.24
12/03/2016;Ile-de-France;1.08;11.48;6.28
13/03/2016;Ile-de-France;0.64;11.04;5.84
14/03/2016;Ile-de-France;2.04;8.88;5.46
15/03/2016;Ile-de-France;0.64;12.66;6.65
16/03/2016;Ile-de-France;2.82;7.74;5.28
17/03/2016;Ile-de-France;1.24;12.82;7.03
18/03/2016;Ile-de-France;0.74;11.14;5.94
19/03/2016;Ile-de-France;3.38;6.7;5.04
20/03/2016;Ile-de-France;4.4;6.7;5.55
21/03/2016;Ile-de-France;3.64;10.36;7.0
22/03/2016;Ile-de-France;4.7;12.82;8.76
23/03/2016;Ile-de-France;3.54;10.3;6.92
24/03/2016;Ile-de-France;5.8;10.94;8.37
25/03/2016;Ile-de-France;6.7;14.3;10.5
26/03/2016;Ile-de-France;5.32;15.22;10.27
27/03/2016;Ile-de-France;6.38;14.04;10.21
28/03/2016;Ile-de-France;6.94;14.44;10.69
29/03/2016;Ile-de-France;5.56;14.32;9.94
30/03/2016;Ile-de-France;7.2;9.86;8.53
31/03/2016;Ile-de-France;5.62;6.96;6.29
01/04/2016;Ile-de-France;3.6;12.0;7.8
02/04/2016;Ile-de-France;1.98;10.88;6.43
03/04/2016;Ile-de-France;9.28;20.66;14.97
04/04/2016;Ile-de-France;9.32;17.12;13.22
05/04/2016;Ile-de-France;8.78;16.22;12.5
06/04/2016;Ile-de-France;6.42;14.58;10.5
07/04/2016;Ile-de-France;4.8;11.7;8.25
08/04/2016;Ile-de-France;5.9;13.75;9.82
09/04/2016;Ile-de-France;3.6;13.8;8.7
10/04/2016;Ile-de-France;1.78;17.48;9.63
11/04/2016;Ile-de-France;9.48;14.94;12.21
12/04/2016;Ile-de-France;4.12;16.46;10.29
13/04/2016;Ile-de-France;8.74;17.38;13.06
14/04/2016;Ile-de-France;6.54;16.82;11.68
15/04/2016;Ile-de-France;8.8;16.48;12.64
16/04/2016;Ile-de-France;8.5;15.2;11.85
17/04/2016;Ile-de-France;3.24;11.1;7.17
18/04/2016;Ile-de-France;1.34;14.42;7.88
19/04/2016;Ile-de-France;3.24;15.86;9.55
20/04/2016;Ile-de-France;5.9;19.0;12.45
21/04/2016;Ile-de-France;9.86;21.0;15.43
22/04/2016;Ile-de-France;11.04;16.84;13.94
23/04/2016;Ile-de-France;7.78;11.0;9.39
24/04/2016;Ile-de-France;1.28;8.88;5.08
25/04/2016;Ile-de-France;2.04;11.14;6.59
26/04/2016;Ile-de-France;2.82;9.28;6.05
27/04/2016;Ile-de-France;0.96;10.92;5.94
28/04/2016;Ile-de-France;0.08;12.88;6.48
29/04/2016;Ile-de-France;4.12;14.22;9.17
30/04/2016;Ile-de-France;5.4;10.24;7.82
01/05/2016;Ile-de-France;2.48;15.54;9.01
02/05/2016;Ile-de-France;3.24;18.7;10.97
03/05/2016;Ile-de-France;7.8;16.48;12.14
04/05/2016;Ile-de-France;4.36;18.04;11.2
05/05/2016;Ile-de-France;7.06;20.16;13.61
06/05/2016;Ile-de-France;8.2;24.78;16.49
07/05/2016;Ile-de-France;12.34;23.32;17.83
08/05/2016;Ile-de-France;12.36;25.1;18.73
09/05/2016;Ile-de-France;15.9;20.34;18.12
10/05/2016;Ile-de-France;14.34;18.04;16.19
11/05/2016;Ile-de-France;12.3;17.24;14.77
12/05/2016;Ile-de-France;12.65;19.6;16.12
13/05/2016;Ile-de-France;13.9;22.72;18.31
14/05/2016;Ile-de-France;9.1;14.08;11.59
15/05/2016;Ile-de-France;3.66;15.82;9.74
16/05/2016;Ile-de-France;6.76;16.82;11.79
17/05/2016;Ile-de-France;6.16;18.58;12.37
18/05/2016;Ile-de-France;11.7;16.6;14.15
19/05/2016;Ile-de-France;8.72;16.72;12.72
20/05/2016;Ile-de-France;10.34;20.8;15.57
21/05/2016;Ile-de-France;12.42;24.38;18.4
22/05/2016;Ile-de-France;12.92;16.46;14.69
23/05/2016;Ile-de-France;10.36;15.0;12.68
24/05/2016;Ile-de-France;8.0;14.66;11.33
25/05/2016;Ile-de-France;7.08;19.94;13.51
26/05/2016;Ile-de-France;10.56;21.46;16.01
27/05/2016;Ile-de-France;12.48;24.62;18.55
28/05/2016;Ile-de-France;13.5;22.48;17.99
29/05/2016;Ile-de-France;14.52;17.76;16.14
30/05/2016;Ile-de-France;12.24;13.54;12.89
31/05/2016;Ile-de-France;12.02;14.32;13.17
01/06/2016;Ile-de-France;13.34;17.0;15.17
02/06/2016;Ile-de-France;12.18;13.18;12.68
03/06/2016;Ile-de-France;10.64;13.36;12.0
04/06/2016;Ile-de-France;12.16;17.38;14.77
05/06/2016;Ile-de-France;13.52;19.84;16.68
06/06/2016;Ile-de-France;13.04;23.96;18.5
07/06/2016;Ile-de-France;14.74;26.82;20.78
08/06/2016;Ile-de-France;14.68;23.46;19.07
09/06/2016;Ile-de-France;11.94;23.62;17.78
10/06/2016;Ile-de-France;13.44;23.64;18.54
11/06/2016;Ile-de-France;15.56;21.14;18.35
12/06/2016;Ile-de-France;14.28;19.44;16.86
13/06/2016;Ile-de-France;12.0;18.3;15.15
14/06/2016;Ile-de-France;13.66;19.44;16.55
15/06/2016;Ile-de-France;11.56;20.74;16.15
16/06/2016;Ile-de-France;12.56;19.02;15.79
17/06/2016;Ile-de-France;12.0;20.78;16.39
18/06/2016;Ile-de-France;11.96;19.86;15.91
19/06/2016;Ile-de-France;12.78;21.64;17.21
20/06/2016;Ile-de-France;13.68;17.12;15.4
21/06/2016;Ile-de-France;15.9;22.54;19.22
22/06/2016;Ile-de-France;18.06;28.22;23.14
23/06/2016;Ile-de-France;19.66;31.7;25.68
24/06/2016;Ile-de-France;17.64;24.7;21.17
25/06/2016;Ile-de-France;14.16;21.52;17.84
26/06/2016;Ile-de-France;11.4;21.68;16.54
27/06/2016;Ile-de-France;14.26;22.3;18.28
28/06/2016;Ile-de-France;14.2;22.18;18.19
29/06/2016;Ile-de-France;12.9;23.44;18.17
30/06/2016;Ile-de-France;15.82;22.86;19.34
01/07/2016;Ile-de-France;16.36;22.1;19.23
02/07/2016;Ile-de-France;13.22;20.2;16.71
03/07/2016;Ile-de-France;13.28;18.04;15.66
04/07/2016;Ile-de-France;14.46;22.06;18.26
05/07/2016;Ile-de-France;15.12;22.42;18.77
06/07/2016;Ile-de-France;10.7;24.22;17.46
07/07/2016;Ile-de-France;12.22;28.28;20.25
08/07/2016;Ile-de-France;14.54;28.72;21.63
09/07/2016;Ile-de-France;15.42;28.66;22.04
10/07/2016;Ile-de-France;17.56;30.54;24.05
11/07/2016;Ile-de-France;17.1;22.4;19.75
12/07/2016;Ile-de-France;13.58;22.54;18.06
13/07/2016;Ile-de-France;12.02;19.64;15.83
14/07/2016;Ile-de-France;10.78;20.74;15.76
15/07/2016;Ile-de-France;10.2;23.78;16.99
16/07/2016;Ile-de-France;14.3;26.44;20.37
17/07/2016;Ile-de-France;15.58;28.76;22.17
18/07/2016;Ile-de-France;16.72;31.18;23.95
19/07/2016;Ile-de-France;19.18;34.68;26.93
20/07/2016;Ile-de-France;20.96;29.62;25.29
21/07/2016;Ile-de-France;17.58;25.74;21.66
22/07/2016;Ile-de-France;16.46;27.0;21.73
23/07/2016;Ile-de-France;15.48;27.7;21.59
24/07/2016;Ile-de-France;14.7;27.78;21.24
25/07/2016;Ile-de-France;20.04;26.38;23.21
26/07/2016;Ile-de-France;14.14;24.26;19.2
27/07/2016;Ile-de-France;13.38;25.7;19.54
28/07/2016;Ile-de-France;17.28;24.58;20.93
29/07/2016;Ile-de-France;17.9;25.74;21.82
30/07/2016;Ile-de-France;15.86;23.34;19.6
31/07/2016;Ile-de-France;15.76;25.06;20.41
01/08/2016;Ile-de-France;13.16;24.28;18.72
02/08/2016;Ile-de-France;15.64;22.5;19.07
03/08/2016;Ile-de-France;17.42;25.66;21.54
04/08/2016;Ile-de-France;15.96;21.82;18.89
05/08/2016;Ile-de-France;13.06;23.0;18.03
06/08/2016;Ile-de-France;12.06;25.0;18.53
07/08/2016;Ile-de-France;13.42;29.5;21.46
08/08/2016;Ile-de-France;16.32;22.26;19.29
09/08/2016;Ile-de-France;12.2;22.54;17.37
10/08/2016;Ile-de-France;9.86;19.14;14.5
11/08/2016;Ile-de-France;8.9;22.92;15.91
12/08/2016;Ile-de-France;13.02;27.16;20.09
13/08/2016;Ile-de-France;14.06;28.82;21.44
14/08/2016;Ile-de-France;13.94;27.32;20.63
15/08/2016;Ile-de-France;14.2;27.88;21.04
16/08/2016;Ile-de-France;14.42;30.18;22.3
17/08/2016;Ile-de-France;15.64;30.22;22.93
18/08/2016;Ile-de-France;17.64;23.32;20.48
19/08/2016;Ile-de-France;16.86;23.54;20.2
20/08/2016;Ile-de-France;14.4;24.54;19.47
21/08/2016;Ile-de-France;13.36;21.72;17.54
22/08/2016;Ile-de-France;15.0;28.26;21.63
23/08/2016;Ile-de-France;16.36;32.18;24.27
24/08/2016;Ile-de-France;18.28;35.88;27.08
25/08/2016;Ile-de-France;19.06;36.32;27.69
26/08/2016;Ile-de-France;20.06;33.98;27.02
27/08/2016;Ile-de-France;19.14;34.2;26.67
28/08/2016;Ile-de-France;18.7;27.46;23.08
29/08/2016;Ile-de-France;16.98;23.78;20.38
30/08/2016;Ile-de-France;13.72;26.26;19.99
31/08/2016;Ile-de-France;14.4;28.14;21.27
01/09/2016;Ile-de-France;13.72;26.82;20.27
02/09/2016;Ile-de-France;13.76;28.46;21.11
03/09/2016;Ile-de-France;15.0;28.12;21.56
04/09/2016;Ile-de-France;17.48;21.94;19.71
05/09/2016;Ile-de-France;14.96;19.92;17.44
06/09/2016;Ile-de-France;18.04;22.92;20.48
07/09/2016;Ile-de-France;13.88;28.18;21.03
08/09/2016;Ile-de-France;13.72;25.08;19.4
09/09/2016;Ile-de-France;11.16;26.02;18.59
10/09/2016;Ile-de-France;12.14;26.96;19.55
11/09/2016;Ile-de-France;17.96;25.02;21.49
12/09/2016;Ile-de-France;15.7;31.34;23.52
13/09/2016;Ile-de-France;21.2;32.18;26.69
14/09/2016;Ile-de-France;17.02;28.02;22.52
15/09/2016;Ile-de-France;16.82;20.0;18.41
16/09/2016;Ile-de-France;13.32;21.46;17.39
17/09/2016;Ile-de-France;12.44;17.5;14.97
18/09/2016;Ile-de-France;11.16;21.56;16.36
19/09/2016;Ile-de-France;14.38;19.52;16.95
20/09/2016;Ile-de-France;14.54;20.46;17.5
21/09/2016;Ile-de-France;9.02;22.26;15.64
22/09/2016;Ile-de-France;10.18;23.46;16.82
23/09/2016;Ile-de-France;13.02;23.82;18.42
24/09/2016;Ile-de-France;10.68;24.48;17.58
25/09/2016;Ile-de-France;13.36;19.88;16.62
26/09/2016;Ile-de-France;9.14;20.28;14.71
27/09/2016;Ile-de-France;10.04;22.98;16.51
28/09/2016;Ile-de-France;14.78;23.34;19.06
29/09/2016;Ile-de-France;13.26;21.88;17.57
30/09/2016;Ile-de-France;13.52;17.66;15.59
01/10/2016;Ile-de-France;11.46;18.44;14.95
02/10/2016;Ile-de-France;8.94;17.86;13.4
03/10/2016;Ile-de-France;5.66;18.72;12.19
04/10/2016;Ile-de-France;8.32;19.64;13.98
05/10/2016;Ile-de-France;8.98;17.52;13.25
06/10/2016;Ile-de-France;5.02;15.32;10.17
07/10/2016;Ile-de-France;8.42;14.62;11.52
08/10/2016;Ile-de-France;9.48;16.82;13.15
09/10/2016;Ile-de-France;4.38;15.88;10.13
10/10/2016;Ile-de-France;2.84;14.62;8.73
11/10/2016;Ile-de-France;4.62;13.26;8.94
12/10/2016;Ile-de-France;3.2;14.34;8.77
13/10/2016;Ile-de-France;5.02;11.02;8.02
14/10/2016;Ile-de-France;8.86;12.68;10.77
15/10/2016;Ile-de-France;7.38;17.68;12.53
16/10/2016;Ile-de-France;8.3;21.32;14.81
17/10/2016;Ile-de-France;10.8;18.24;14.52
18/10/2016;Ile-de-France;7.76;16.2;11.98
19/10/2016;Ile-de-France;6.64;13.52;10.08
20/10/2016;Ile-de-France;8.2;13.86;11.03
21/10/2016;Ile-de-France;8.4;13.74;11.07
22/10/2016;Ile-de-France;5.48;12.94;9.21
23/10/2016;Ile-de-France;4.14;12.66;8.4
24/10/2016;Ile-de-France;9.82;13.84;11.83
25/10/2016;Ile-de-France;10.82;14.42;12.62
26/10/2016;Ile-de-France;9.5;13.22;11.36
27/10/2016;Ile-de-France;7.06;15.08;11.07
28/10/2016;Ile-de-France;5.74;14.06;9.9
29/10/2016;Ile-de-France;10.96;13.58;12.27
30/10/2016;Ile-de-France;7.2;17.2;12.2
31/10/2016;Ile-de-France;7.0;17.78;12.39
01/11/2016;Ile-de-France;5.08;13.78;9.43
02/11/2016;Ile-de-France;6.92;12.62;9.77
03/11/2016;Ile-de-France;0.48;11.82;6.15
04/11/2016;Ile-de-France;2.88;8.1;5.49
05/11/2016;Ile-de-France;6.46;11.2;8.83
06/11/2016;Ile-de-France;3.2;9.24;6.22
07/11/2016;Ile-de-France;0.94;4.46;2.7
08/11/2016;Ile-de-France;1.56;7.78;4.67
09/11/2016;Ile-de-France;4.74;9.82;7.28
10/11/2016;Ile-de-France;6.38;10.38;8.38
11/11/2016;Ile-de-France;4.08;9.66;6.87
12/11/2016;Ile-de-France;-1.06;6.66;2.8
13/11/2016;Ile-de-France;5.22;9.52;7.37
14/11/2016;Ile-de-France;5.48;8.36;6.92
15/11/2016;Ile-de-France;7.16;12.38;9.77
16/11/2016;Ile-de-France;11.38;12.42;11.9
17/11/2016;Ile-de-France;10.06;13.58;11.82
18/11/2016;Ile-de-France;7.08;10.92;9.0
19/11/2016;Ile-de-France;3.78;11.36;7.57
20/11/2016;Ile-de-France;7.42;12.9;10.16
21/11/2016;Ile-de-France;10.9;16.2;13.55
22/11/2016;Ile-de-France;8.5;11.78;10.14
23/11/2016;Ile-de-France;8.12;14.64;11.38
24/11/2016;Ile-de-France;8.88;12.88;10.88
25/11/2016;Ile-de-France;7.06;9.44;8.25
26/11/2016;Ile-de-France;7.68;9.96;8.82
27/11/2016;Ile-de-France;4.12;8.8;6.46
28/11/2016;Ile-de-France;2.56;6.64;4.6
29/11/2016;Ile-de-France;-2.04;4.32;1.14
30/11/2016;Ile-de-France;-3.94;6.74;1.4
01/12/2016;Ile-de-France;-4.32;6.96;1.32
02/12/2016;Ile-de-France;-0.94;6.3;2.68
03/12/2016;Ile-de-France;2.74;6.7;4.72
04/12/2016;Ile-de-France;-1.6;5.18;1.79
05/12/2016;Ile-de-France;-0.74;8.98;4.12
06/12/2016;Ile-de-France;-0.0;10.58;5.29
07/12/2016;Ile-de-France;1.26;10.5;5.88
08/12/2016;Ile-de-France;0.04;10.32;5.18
09/12/2016;Ile-de-France;1.6;11.12;6.36
10/12/2016;Ile-de-France;1.3;7.84;4.57
11/12/2016;Ile-de-France;3.46;10.5;6.98
12/12/2016;Ile-de-France;2.7;5.76;4.23
13/12/2016;Ile-de-France;4.78;8.6;6.69
14/12/2016;Ile-de-France;2.56;9.82;6.19
15/12/2016;Ile-de-France;0.42;8.76;4.59
16/12/2016;Ile-de-France;4.8;10.86;7.83
17/12/2016;Ile-de-France;0.94;8.42;4.68
18/12/2016;Ile-de-France;2.5;3.68;3.09
19/12/2016;Ile-de-France;2.22;6.22;4.22
20/12/2016;Ile-de-France;2.72;6.4;4.56
21/12/2016;Ile-de-France;0.74;7.18;3.96
22/12/2016;Ile-de-France;5.62;8.56;7.09
23/12/2016;Ile-de-France;1.12;8.24;4.68
24/12/2016;Ile-de-France;5.52;9.4;7.46
25/12/2016;Ile-de-France;7.1;10.52;8.81
26/12/2016;Ile-de-France;7.28;11.28;9.28
27/12/2016;Ile-de-France;-0.62;7.68;3.53
28/12/2016;Ile-de-France;-0.06;7.78;3.86
29/12/2016;Ile-de-France;-1.5;2.96;0.73
30/12/2016;Ile-de-France;-3.72;-1.74;-2.73
31/12/2016;Ile-de-France;-4.18;-2.72;-3.45
01/01/2017;Ile-de-France;-4.62;0.66;-1.98
02/01/2017;Ile-de-France;-1.12;1.98;0.43
03/01/2017;Ile-de-France;-0.62;1.88;0.63
04/01/2017;Ile-de-France;-0.32;5.54;2.61
05/01/2017;Ile-de-France;0.46;6.38;3.42
06/01/2017;Ile-de-France;-3.66;1.98;-0.84
07/01/2017;Ile-de-France;-5.32;3.64;-0.84
08/01/2017;Ile-de-France;0.26;7.22;3.74
09/01/2017;Ile-de-France;4.02;7.68;5.85
10/01/2017;Ile-de-France;2.88;7.62;5.25
11/01/2017;Ile-de-France;4.36;10.42;7.39
12/01/2017;Ile-de-France;5.38;8.54;6.96
13/01/2017;Ile-de-France;0.8;5.3;3.05
14/01/2017;Ile-de-France;-0.04;4.26;2.11
15/01/2017;Ile-de-France;-0.74;3.58;1.42
16/01/2017;Ile-de-France;0.46;2.9;1.68
17/01/2017;Ile-de-France;-3.56;-0.08;-1.82
18/01/2017;Ile-de-France;-4.5;0.58;-1.96
19/01/2017;Ile-de-France;-4.82;0.34;-2.24
20/01/2017;Ile-de-France;-5.06;0.88;-2.09
21/01/2017;Ile-de-France;-6.82;2.46;-2.18
22/01/2017;Ile-de-France;-5.38;5.02;-0.18
23/01/2017;Ile-de-France;-3.72;0.08;-1.82
24/01/2017;Ile-de-France;-3.4;1.28;-1.06
25/01/2017;Ile-de-France;-1.86;-0.24;-1.05
26/01/2017;Ile-de-France;-5.6;2.5;-1.55
27/01/2017;Ile-de-France;-1.52;8.94;3.71
28/01/2017;Ile-de-France;5.72;9.66;7.69
29/01/2017;Ile-de-France;2.1;8.04;5.07
30/01/2017;Ile-de-France;5.7;10.76;8.23
31/01/2017;Ile-de-France;9.44;12.2;10.82
01/02/2017;Ile-de-France;8.32;12.24;10.28
02/02/2017;Ile-de-France;6.94;12.72;9.83
03/02/2017;Ile-de-France;6.8;11.48;9.14
04/02/2017;Ile-de-France;5.0;7.7;6.35
05/02/2017;Ile-de-France;3.68;11.04;7.36
06/02/2017;Ile-de-France;4.4;8.76;6.58
07/02/2017;Ile-de-France;4.84;10.92;7.88
08/02/2017;Ile-de-France;2.76;7.7;5.23
09/02/2017;Ile-de-France;2.68;6.12;4.4
10/02/2017;Ile-de-France;0.06;2.74;1.4
11/02/2017;Ile-de-France;-1.24;0.78;-0.23
12/02/2017;Ile-de-France;-0.72;8.34;3.81
13/02/2017;Ile-de-France;2.4;9.86;6.13
14/02/2017;Ile-de-France;3.42;13.12;8.27
15/02/2017;Ile-de-France;5.46;16.78;11.12
16/02/2017;Ile-de-France;6.38;12.46;9.42
17/02/2017;Ile-de-France;3.74;10.76;7.25
18/02/2017;Ile-de-France;0.62;11.46;6.04
19/02/2017;Ile-de-France;-0.98;11.9;5.46
20/02/2017;Ile-de-France;6.88;11.6;9.24
21/02/2017;Ile-de-France;9.82;12.24;11.03
22/02/2017;Ile-de-France;9.78;12.0;10.89
23/02/2017;Ile-de-France;8.46;12.08;10.27
24/02/2017;Ile-de-France;3.72;9.36;6.54
25/02/2017;Ile-de-France;-1.1;11.66;5.28
26/02/2017;Ile-de-France;5.08;12.28;8.68
27/02/2017;Ile-de-France;7.74;12.1;9.92
28/02/2017;Ile-de-France;3.92;8.86;6.39
01/03/2017;Ile-de-France;5.34;11.4;8.37
02/03/2017;Ile-de-France;5.08;12.28;8.68
03/03/2017;Ile-de-France;5.46;14.96;10.21
04/03/2017;Ile-de-France;6.7;8.88;7.79
05/03/2017;Ile-de-France;3.96;10.16;7.06
06/03/2017;Ile-de-France;3.26;7.06;5.16
07/03/2017;Ile-de-France;5.22;10.06;7.64
08/03/2017;Ile-de-France;4.3;13.42;8.86
09/03/2017;Ile-de-France;11.28;14.16;12.72
10/03/2017;Ile-de-France;6.44;11.0;8.72
11/03/2017;Ile-de-France;2.72;16.88;9.8
12/03/2017;Ile-de-France;5.38;17.54;11.46
13/03/2017;Ile-de-France;6.44;15.46;10.95
14/03/2017;Ile-de-France;3.3;15.54;9.42
15/03/2017;Ile-de-France;8.68;15.14;11.91
16/03/2017;Ile-de-France;4.96;20.1;12.53
17/03/2017;Ile-de-France;7.04;13.46;10.25
18/03/2017;Ile-de-France;6.4;14.06;10.23
19/03/2017;Ile-de-France;10.62;13.46;12.04
20/03/2017;Ile-de-France;9.52;12.26;10.89
21/03/2017;Ile-de-France;7.26;10.68;8.97
22/03/2017;Ile-de-France;3.62;13.16;8.39
23/03/2017;Ile-de-France;5.2;13.54;9.37
24/03/2017;Ile-de-France;7.1;13.52;10.31
25/03/2017;Ile-de-France;6.22;18.38;12.3
26/03/2017;Ile-de-France;5.8;17.58;11.69
27/03/2017;Ile-de-France;5.86;18.58;12.22
28/03/2017;Ile-de-France;6.88;18.5;12.69
29/03/2017;Ile-de-France;6.84;20.42;13.63
30/03/2017;Ile-de-France;8.6;23.12;15.86
31/03/2017;Ile-de-France;11.98;18.34;15.16
01/04/2017;Ile-de-France;8.76;17.12;12.94
02/04/2017;Ile-de-France;6.86;18.04;12.45
03/04/2017;Ile-de-France;6.52;19.74;13.13
04/04/2017;Ile-de-France;7.26;17.32;12.29
05/04/2017;Ile-de-France;7.0;15.46;11.23
06/04/2017;Ile-de-France;5.3;14.14;9.72
07/04/2017;Ile-de-France;3.58;18.28;10.93
08/04/2017;Ile-de-France;6.06;20.76;13.41
09/04/2017;Ile-de-France;6.36;25.16;15.76
10/04/2017;Ile-de-France;9.82;16.5;13.16
11/04/2017;Ile-de-France;4.76;16.22;10.49
12/04/2017;Ile-de-France;4.48;18.7;11.59
13/04/2017;Ile-de-France;6.12;15.38;10.75
14/04/2017;Ile-de-France;9.22;16.7;12.96
15/04/2017;Ile-de-France;7.56;15.24;11.4
16/04/2017;Ile-de-France;5.52;14.44;9.98
17/04/2017;Ile-de-France;7.18;14.18;10.68
18/04/2017;Ile-de-France;2.62;11.62;7.12
19/04/2017;Ile-de-France;1.66;11.24;6.45
20/04/2017;Ile-de-France;-0.08;12.94;6.43
21/04/2017;Ile-de-France;1.58;17.96;9.77
22/04/2017;Ile-de-France;7.38;16.16;11.77
23/04/2017;Ile-de-France;3.12;14.58;8.85
24/04/2017;Ile-de-France;2.56;17.28;9.92
25/04/2017;Ile-de-France;5.36;10.44;7.9
26/04/2017;Ile-de-France;1.32;10.72;6.02
27/04/2017;Ile-de-France;1.28;11.38;6.33
28/04/2017;Ile-de-France;2.96;14.4;8.68
29/04/2017;Ile-de-France;2.88;17.08;9.98
30/04/2017;Ile-de-France;6.38;18.88;12.63
01/05/2017;Ile-de-France;7.04;15.78;11.41
02/05/2017;Ile-de-France;6.82;16.78;11.8
03/05/2017;Ile-de-France;8.64;11.38;10.01
04/05/2017;Ile-de-France;6.72;16.8;11.76
05/05/2017;Ile-de-France;6.82;18.02;12.42
06/05/2017;Ile-de-France;10.42;12.48;11.45
07/05/2017;Ile-de-France;9.92;13.92;11.92
08/05/2017;Ile-de-France;8.08;12.22;10.15
09/05/2017;Ile-de-France;4.96;16.46;10.71
10/05/2017;Ile-de-France;4.98;21.02;13.0
11/05/2017;Ile-de-France;12.36;20.12;16.24
12/05/2017;Ile-de-France;10.72;21.62;16.17
13/05/2017;Ile-de-France;10.76;20.2;15.48
14/05/2017;Ile-de-France;10.74;20.12;15.43
15/05/2017;Ile-de-France;10.26;24.4;17.33
16/05/2017;Ile-de-France;14.32;27.24;20.78
17/05/2017;Ile-de-France;16.2;28.9;22.55
18/05/2017;Ile-de-France;11.8;21.24;16.52
19/05/2017;Ile-de-France;8.66;16.7;12.68
20/05/2017;Ile-de-France;6.48;18.26;12.37
21/05/2017;Ile-de-France;7.88;21.4;14.64
22/05/2017;Ile-de-France;10.8;25.78;18.29
23/05/2017;Ile-de-France;13.48;24.14;18.81
24/05/2017;Ile-de-France;14.14;23.88;19.01
25/05/2017;Ile-de-France;14.06;26.22;20.14
26/05/2017;Ile-de-France;14.54;27.66;21.1
27/05/2017;Ile-de-France;16.54;30.44;23.49
28/05/2017;Ile-de-France;16.54;31.2;23.87
29/05/2017;Ile-de-France;19.14;28.56;23.85
30/05/2017;Ile-de-France;16.74;22.72;19.73
31/05/2017;Ile-de-France;11.74;23.76;17.75
01/06/2017;Ile-de-France;13.72;27.7;20.71
02/06/2017;Ile-de-France;17.16;27.58;22.37
03/06/2017;Ile-de-France;14.68;20.14;17.41
04/06/2017;Ile-de-France;8.96;20.04;14.5
05/06/2017;Ile-de-France;11.12;23.44;17.28
06/06/2017;Ile-de-France;11.24;17.52;14.38
07/06/2017;Ile-de-France;9.8;19.94;14.87
08/06/2017;Ile-de-France;11.44;26.82;19.13
09/06/2017;Ile-de-France;15.16;22.6;18.88
10/06/2017;Ile-de-France;13.48;27.02;20.25
11/06/2017;Ile-de-France;14.9;29.6;22.25
12/06/2017;Ile-de-France;13.48;21.6;17.54
13/06/2017;Ile-de-France;10.8;23.84;17.32
14/06/2017;Ile-de-France;14.66;28.76;21.71
15/06/2017;Ile-de-France;18.62;28.42;23.52
16/06/2017;Ile-de-France;12.66;23.24;17.95
17/06/2017;Ile-de-France;12.68;26.98;19.83
18/06/2017;Ile-de-France;16.62;29.3;22.96
19/06/2017;Ile-de-France;16.36;32.9;24.63
20/06/2017;Ile-de-France;18.04;34.38;26.21
21/06/2017;Ile-de-France;20.28;36.16;28.22
22/06/2017;Ile-de-France;21.58;34.62;28.1
23/06/2017;Ile-de-France;15.86;24.3;20.08
24/06/2017;Ile-de-France;14.4;25.52;19.96
25/06/2017;Ile-de-France;17.08;27.26;22.17
26/06/2017;Ile-de-France;15.44;28.02;21.73
27/06/2017;Ile-de-France;18.62;25.86;22.24
28/06/2017;Ile-de-France;16.42;23.7;20.06
29/06/2017;Ile-de-France;14.36;21.62;17.99
30/06/2017;Ile-de-France;13.6;19.88;16.74
01/07/2017;Ile-de-France;13.82;20.78;17.3
02/07/2017;Ile-de-France;12.68;22.94;17.81
03/07/2017;Ile-de-France;12.82;24.76;18.79
04/07/2017;Ile-de-France;12.82;28.3;20.56
05/07/2017;Ile-de-France;16.0;31.94;23.97
06/07/2017;Ile-de-France;19.26;34.58;26.92
07/07/2017;Ile-de-France;19.86;33.16;26.51
08/07/2017;Ile-de-France;17.6;30.4;24.0
09/07/2017;Ile-de-France;18.26;28.76;23.51
10/07/2017;Ile-de-France;16.34;22.78;19.56
11/07/2017;Ile-de-France;14.3;24.26;19.28
12/07/2017;Ile-de-France;15.96;22.9;19.43
13/07/2017;Ile-de-France;14.46;24.38;19.42
14/07/2017;Ile-de-France;13.58;23.42;18.5
15/07/2017;Ile-de-France;11.6;25.88;18.74
16/07/2017;Ile-de-France;17.12;28.98;23.05
17/07/2017;Ile-de-France;16.44;29.52;22.98
18/07/2017;Ile-de-France;18.5;33.42;25.96
19/07/2017;Ile-de-France;22.72;29.72;26.22
20/07/2017;Ile-de-France;17.8;23.0;20.4
21/07/2017;Ile-de-France;12.86;25.04;18.95
22/07/2017;Ile-de-France;15.64;21.32;18.48
23/07/2017;Ile-de-France;12.8;21.54;17.17
24/07/2017;Ile-de-France;13.04;20.94;16.99
25/07/2017;Ile-de-France;15.06;22.32;18.69
26/07/2017;Ile-de-France;11.3;23.68;17.49
27/07/2017;Ile-de-France;16.66;22.08;19.37
28/07/2017;Ile-de-France;14.62;23.26;18.94
29/07/2017;Ile-de-France;17.54;28.2;22.87
30/07/2017;Ile-de-France;19.4;25.54;22.47
31/07/2017;Ile-de-France;13.84;24.18;19.01
01/08/2017;Ile-de-France;15.42;26.58;21.0
02/08/2017;Ile-de-France;15.64;29.66;22.65
03/08/2017;Ile-de-France;18.0;26.94;22.47
04/08/2017;Ile-de-France;17.44;26.38;21.91
05/08/2017;Ile-de-France;15.42;24.08;19.75
06/08/2017;Ile-de-France;10.54;24.1;17.32
07/08/2017;Ile-de-France;11.38;26.8;19.09
08/08/2017;Ile-de-France;14.88;19.46;17.17
09/08/2017;Ile-de-France;12.54;19.26;15.9
10/08/2017;Ile-de-France;11.5;19.72;15.61
11/08/2017;Ile-de-France;12.58;21.52;17.05
12/08/2017;Ile-de-France;12.72;20.42;16.57
13/08/2017;Ile-de-France;11.3;22.96;17.13
14/08/2017;Ile-de-France;10.64;27.46;19.05
15/08/2017;Ile-de-France;17.94;26.76;22.35
16/08/2017;Ile-de-France;14.48;25.38;19.93
17/08/2017;Ile-de-France;16.28;24.32;20.3
18/08/2017;Ile-de-France;17.2;22.64;19.92
19/08/2017;Ile-de-France;10.96;21.72;16.34
20/08/2017;Ile-de-France;10.36;22.42;16.39
21/08/2017;Ile-de-France;16.1;24.04;20.07
22/08/2017;Ile-de-France;15.14;28.16;21.65
23/08/2017;Ile-de-France;16.8;27.3;22.05
24/08/2017;Ile-de-France;13.62;24.42;19.02
25/08/2017;Ile-de-France;16.34;22.66;19.5
26/08/2017;Ile-de-France;16.54;28.02;22.28
27/08/2017;Ile-de-France;17.3;28.0;22.65
28/08/2017;Ile-de-France;17.12;29.88;23.5
29/08/2017;Ile-de-France;17.62;32.18;24.9
30/08/2017;Ile-de-France;15.88;22.84;19.36
31/08/2017;Ile-de-France;11.24;20.98;16.11
01/09/2017;Ile-de-France;12.0;21.82;16.91
02/09/2017;Ile-de-France;11.88;20.72;16.3
03/09/2017;Ile-de-France;9.32;21.32;15.32
04/09/2017;Ile-de-France;15.12;24.04;19.58
05/09/2017;Ile-de-France;18.14;21.88;20.01
06/09/2017;Ile-de-France;13.28;20.34;16.81
07/09/2017;Ile-de-France;11.96;20.46;16.21
08/09/2017;Ile-de-France;14.28;18.86;16.57
09/09/2017;Ile-de-France;12.92;18.28;15.6
10/09/2017;Ile-de-France;9.24;19.2;14.22
11/09/2017;Ile-de-France;11.76;18.2;14.98
12/09/2017;Ile-de-France;11.16;18.62;14.89
13/09/2017;Ile-de-France;12.2;18.28;15.24
14/09/2017;Ile-de-France;10.82;16.92;13.87
15/09/2017;Ile-de-France;8.28;17.36;12.82
16/09/2017;Ile-de-France;6.92;16.32;11.62
17/09/2017;Ile-de-France;8.12;16.08;12.1
18/09/2017;Ile-de-France;6.78;17.14;11.96
19/09/2017;Ile-de-France;9.3;17.36;13.33
20/09/2017;Ile-de-France;6.08;18.18;12.13
21/09/2017;Ile-de-France;8.06;20.68;14.37
22/09/2017;Ile-de-France;10.28;20.06;15.17
23/09/2017;Ile-de-France;7.76;20.3;14.03
24/09/2017;Ile-de-France;9.64;22.78;16.21
25/09/2017;Ile-de-France;14.14;20.6;17.37
26/09/2017;Ile-de-France;14.72;20.8;17.76
27/09/2017;Ile-de-France;11.04;20.34;15.69
28/09/2017;Ile-de-France;14.12;19.76;16.94
29/09/2017;Ile-de-France;14.94;25.18;20.06
30/09/2017;Ile-de-France;13.02;18.56;15.79
01/10/2017;Ile-de-France;9.98;16.14;13.06
02/10/2017;Ile-de-France;11.58;19.68;15.63
03/10/2017;Ile-de-France;10.24;17.56;13.9
04/10/2017;Ile-de-France;8.06;17.76;12.91
05/10/2017;Ile-de-France;9.08;16.48;12.78
06/10/2017;Ile-de-France;6.72;16.08;11.4
07/10/2017;Ile-de-France;4.46;15.94;10.2
08/10/2017;Ile-de-France;11.8;16.78;14.29
09/10/2017;Ile-de-France;8.92;18.44;13.68
10/10/2017;Ile-de-France;12.76;16.94;14.85
11/10/2017;Ile-de-France;13.16;18.92;16.04
12/10/2017;Ile-de-France;13.26;20.84;17.05
13/10/2017;Ile-de-France;13.52;22.26;17.89
14/10/2017;Ile-de-France;10.46;22.86;16.66
15/10/2017;Ile-de-France;10.72;24.0;17.36
16/10/2017;Ile-de-France;13.96;24.78;19.37
17/10/2017;Ile-de-France;12.08;22.92;17.5
18/10/2017;Ile-de-France;11.72;20.58;16.15
19/10/2017;Ile-de-France;12.08;21.68;16.88
20/10/2017;Ile-de-France;10.94;16.8;13.87
21/10/2017;Ile-de-France;10.82;17.54;14.18
22/10/2017;Ile-de-France;9.02;13.64;11.33
23/10/2017;Ile-de-France;9.42;14.56;11.99
24/10/2017;Ile-de-France;12.86;18.56;15.71
25/10/2017;Ile-de-France;14.02;19.56;16.79
26/10/2017;Ile-de-France;10.2;15.0;12.6
27/10/2017;Ile-de-France;10.84;16.26;13.55
28/10/2017;Ile-de-France;4.86;14.34;9.6
29/10/2017;Ile-de-France;9.58;14.92;12.25
30/10/2017;Ile-de-France;4.76;12.18;8.47
31/10/2017;Ile-de-France;2.22;12.7;7.46
01/11/2017;Ile-de-France;3.94;13.84;8.89
02/11/2017;Ile-de-France;6.72;13.94;10.33
03/11/2017;Ile-de-France;9.02;16.16;12.59
04/11/2017;Ile-de-France;8.86;15.34;12.1
05/11/2017;Ile-de-France;5.2;10.42;7.81
06/11/2017;Ile-de-France;2.7;10.76;6.73
07/11/2017;Ile-de-France;-0.4;10.28;4.94
08/11/2017;Ile-de-France;-0.44;8.28;3.92
09/11/2017;Ile-de-France;5.5;11.06;8.28
10/11/2017;Ile-de-France;7.76;12.9;10.33
11/11/2017;Ile-de-France;7.78;12.94;10.36
12/11/2017;Ile-de-France;5.5;12.1;8.8
13/11/2017;Ile-de-France;5.1;9.58;7.34
14/11/2017;Ile-de-France;1.34;11.04;6.19
15/11/2017;Ile-de-France;4.26;10.18;7.22
16/11/2017;Ile-de-France;4.5;10.9;7.7
17/11/2017;Ile-de-France;6.98;10.02;8.5
18/11/2017;Ile-de-France;1.96;8.96;5.46
19/11/2017;Ile-de-France;3.84;9.08;6.46
20/11/2017;Ile-de-France;2.8;9.82;6.31
21/11/2017;Ile-de-France;7.58;10.42;9.0
22/11/2017;Ile-de-France;6.88;14.14;10.51
23/11/2017;Ile-de-France;10.56;16.22;13.39
24/11/2017;Ile-de-France;8.94;11.7;10.32
25/11/2017;Ile-de-France;3.28;6.72;5.0
26/11/2017;Ile-de-France;1.64;8.06;4.85
27/11/2017;Ile-de-France;3.5;8.34;5.92
28/11/2017;Ile-de-France;4.66;9.8;7.23
29/11/2017;Ile-de-France;0.14;5.78;2.96
30/11/2017;Ile-de-France;1.16;4.92;3.04
01/12/2017;Ile-de-France;0.28;3.8;2.04
02/12/2017;Ile-de-France;-1.3;1.2;-0.05
03/12/2017;Ile-de-France;-2.48;4.56;1.04
04/12/2017;Ile-de-France;2.16;8.6;5.38
05/12/2017;Ile-de-France;1.42;7.4;4.41
06/12/2017;Ile-de-France;4.0;6.18;5.09
07/12/2017;Ile-de-France;1.72;8.94;5.33
08/12/2017;Ile-de-France;1.26;5.1;3.18
09/12/2017;Ile-de-France;-1.04;4.86;1.91
10/12/2017;Ile-de-France;0.74;10.38;5.56
11/12/2017;Ile-de-France;2.72;9.82;6.27
12/12/2017;Ile-de-France;0.18;6.04;3.11
13/12/2017;Ile-de-France;2.04;9.28;5.66
14/12/2017;Ile-de-France;3.52;7.36;5.44
15/12/2017;Ile-de-France;3.14;6.02;4.58
16/12/2017;Ile-de-France;2.76;6.44;4.6
17/12/2017;Ile-de-France;0.02;8.66;4.34
18/12/2017;Ile-de-France;3.78;8.48;6.13
19/12/2017;Ile-de-France;1.38;5.48;3.43
20/12/2017;Ile-de-France;2.66;8.7;5.68
21/12/2017;Ile-de-France;7.92;10.48;9.2
22/12/2017;Ile-de-France;7.88;10.24;9.06
23/12/2017;Ile-de-France;8.48;9.32;8.9
24/12/2017;Ile-de-France;8.0;8.68;8.34
25/12/2017;Ile-de-France;3.82;6.96;5.39
26/12/2017;Ile-de-France;3.82;7.74;5.78
27/12/2017;Ile-de-France;3.3;5.9;4.6
28/12/2017;Ile-de-France;-0.04;5.98;2.97
29/12/2017;Ile-de-France;-0.44;11.44;5.5
30/12/2017;Ile-de-France;6.08;14.36;10.22
31/12/2017;Ile-de-France;10.26;14.82;12.54
01/01/2018;Ile-de-France;5.96;9.28;7.62
02/01/2018;Ile-de-France;5.32;13.6;9.46
03/01/2018;Ile-de-France;5.7;11.5;8.6
04/01/2018;Ile-de-France;7.62;14.08;10.85
05/01/2018;Ile-de-France;7.56;10.58;9.07
06/01/2018;Ile-de-France;5.06;8.14;6.6
07/01/2018;Ile-de-France;5.72;6.68;6.2
08/01/2018;Ile-de-France;5.48;8.58;7.03
09/01/2018;Ile-de-France;3.12;8.04;5.58
10/01/2018;Ile-de-France;6.42;9.18;7.8
11/01/2018;Ile-de-France;4.86;8.08;6.47
12/01/2018;Ile-de-France;5.0;6.66;5.83
13/01/2018;Ile-de-France;2.2;5.34;3.77
14/01/2018;Ile-de-France;0.24;8.42;4.33
15/01/2018;Ile-de-France;2.92;9.88;6.4
16/01/2018;Ile-de-France;5.5;10.24;7.87
17/01/2018;Ile-de-France;2.92;8.88;5.9
18/01/2018;Ile-de-France;5.46;11.36;8.41
19/01/2018;Ile-de-France;3.38;7.26;5.32
20/01/2018;Ile-de-France;3.08;11.3;7.19
21/01/2018;Ile-de-France;5.3;11.86;8.58
22/01/2018;Ile-de-France;7.36;13.6;10.48
23/01/2018;Ile-de-France;6.86;11.84;9.35
24/01/2018;Ile-de-France;10.82;13.06;11.94
25/01/2018;Ile-de-France;7.94;8.84;8.39
26/01/2018;Ile-de-France;4.64;10.04;7.34
27/01/2018;Ile-de-France;2.18;5.8;3.99
28/01/2018;Ile-de-France;3.8;10.46;7.13
29/01/2018;Ile-de-France;9.02;10.7;9.86
30/01/2018;Ile-de-France;8.32;10.96;9.64
31/01/2018;Ile-de-France;7.18;8.68;7.93
01/02/2018;Ile-de-France;1.86;7.98;4.92
02/02/2018;Ile-de-France;1.6;6.98;4.29
03/02/2018;Ile-de-France;1.56;4.82;3.19
04/02/2018;Ile-de-France;1.0;3.18;2.09
05/02/2018;Ile-de-France;-2.0;1.26;-0.37
06/02/2018;Ile-de-France;-1.18;0.1;-0.54
07/02/2018;Ile-de-France;-2.0;-0.06;-1.03
08/02/2018;Ile-de-France;-6.28;4.8;-0.74
09/02/2018;Ile-de-France;-4.92;1.48;-1.72
10/02/2018;Ile-de-France;-2.76;5.74;1.49
11/02/2018;Ile-de-France;1.98;7.68;4.83
12/02/2018;Ile-de-France;-1.0;6.88;2.94
13/02/2018;Ile-de-France;-1.34;4.04;1.35
14/02/2018;Ile-de-France;-0.16;6.92;3.38
15/02/2018;Ile-de-France;3.92;11.34;7.63
16/02/2018;Ile-de-France;1.54;9.28;5.41
17/02/2018;Ile-de-France;3.74;8.7;6.22
18/02/2018;Ile-de-France;-0.94;8.26;3.66
19/02/2018;Ile-de-France;-0.0;5.66;2.83
20/02/2018;Ile-de-France;3.06;6.76;4.91
21/02/2018;Ile-de-France;-0.38;4.7;2.16
22/02/2018;Ile-de-France;-1.94;4.74;1.4
23/02/2018;Ile-de-France;-2.44;3.8;0.68
24/02/2018;Ile-de-France;-2.0;5.74;1.87
25/02/2018;Ile-de-France;-2.48;3.16;0.34
26/02/2018;Ile-de-France;-4.64;-0.02;-2.33
27/02/2018;Ile-de-France;-6.62;-1.98;-4.3
28/02/2018;Ile-de-France;-8.22;-1.0;-4.61
01/03/2018;Ile-de-France;-4.8;2.54;-1.13
02/03/2018;Ile-de-France;0.6;9.4;5.0
03/03/2018;Ile-de-France;0.44;10.84;5.64
04/03/2018;Ile-de-France;2.64;8.14;5.39
05/03/2018;Ile-de-France;4.02;12.68;8.35
06/03/2018;Ile-de-France;4.9;11.74;8.32
07/03/2018;Ile-de-France;3.6;10.16;6.88
08/03/2018;Ile-de-France;3.18;10.44;6.81
09/03/2018;Ile-de-France;5.06;13.98;9.52
10/03/2018;Ile-de-France;10.52;17.4;13.96
11/03/2018;Ile-de-France;10.12;18.14;14.13
12/03/2018;Ile-de-France;9.1;13.22;11.16
13/03/2018;Ile-de-France;7.68;12.46;10.07
14/03/2018;Ile-de-France;2.6;14.2;8.4
15/03/2018;Ile-de-France;8.2;13.82;11.01
16/03/2018;Ile-de-France;6.46;13.44;9.95
17/03/2018;Ile-de-France;1.08;7.18;4.13
18/03/2018;Ile-de-France;-1.22;1.14;-0.04
19/03/2018;Ile-de-France;-2.18;1.28;-0.45
20/03/2018;Ile-de-France;-2.06;7.84;2.89
21/03/2018;Ile-de-France;-0.1;8.22;4.06
22/03/2018;Ile-de-France;-0.6;8.16;3.78
23/03/2018;Ile-de-France;4.42;7.04;5.73
24/03/2018;Ile-de-France;5.08;13.26;9.17
25/03/2018;Ile-de-France;5.3;15.6;10.45
26/03/2018;Ile-de-France;5.74;13.72;9.73
27/03/2018;Ile-de-France;5.02;13.36;9.19
28/03/2018;Ile-de-France;6.52;14.08;10.3
29/03/2018;Ile-de-France;2.46;12.18;7.32
30/03/2018;Ile-de-France;4.94;10.58;7.76
31/03/2018;Ile-de-France;3.62;10.86;7.24
01/04/2018;Ile-de-France;5.76;11.36;8.56
02/04/2018;Ile-de-France;6.84;16.24;11.54
03/04/2018;Ile-de-France;9.88;14.92;12.4
04/04/2018;Ile-de-France;7.52;14.38;10.95
05/04/2018;Ile-de-France;6.72;11.52;9.12
06/04/2018;Ile-de-France;4.46;19.32;11.89
07/04/2018;Ile-de-France;10.28;21.06;15.67
08/04/2018;Ile-de-France;10.46;22.68;16.57
09/04/2018;Ile-de-France;11.24;14.6;12.92
10/04/2018;Ile-de-France;9.48;16.3;12.89
11/04/2018;Ile-de-France;6.44;18.6;12.52
12/04/2018;Ile-de-France;8.6;14.04;11.32
13/04/2018;Ile-de-France;8.52;18.0;13.26
14/04/2018;Ile-de-France;7.78;16.8;12.29
15/04/2018;Ile-de-France;8.06;17.68;12.87
16/04/2018;Ile-de-France;7.26;17.44;12.35
17/04/2018;Ile-de-France;5.92;21.98;13.95
18/04/2018;Ile-de-France;8.32;26.0;17.16
19/04/2018;Ile-de-France;11.5;28.02;19.76
20/04/2018;Ile-de-France;12.54;28.62;20.58
21/04/2018;Ile-de-France;13.1;27.54;20.32
22/04/2018;Ile-de-France;14.36;26.54;20.45
23/04/2018;Ile-de-France;12.46;19.28;15.87
24/04/2018;Ile-de-France;8.12;20.86;14.49
25/04/2018;Ile-de-France;11.1;16.98;14.04
26/04/2018;Ile-de-France;6.2;16.22;11.21
27/04/2018;Ile-de-France;6.5;19.5;13.0
28/04/2018;Ile-de-France;10.4;15.86;13.13
29/04/2018;Ile-de-France;9.08;12.02;10.55
30/04/2018;Ile-de-France;4.78;6.86;5.82
01/05/2018;Ile-de-France;3.48;14.14;8.81
02/05/2018;Ile-de-France;3.46;17.1;10.28
03/05/2018;Ile-de-France;6.26;16.98;11.62
04/05/2018;Ile-de-France;6.06;19.16;12.61
05/05/2018;Ile-de-France;8.94;23.6;16.27
06/05/2018;Ile-de-France;11.96;27.16;19.56
07/05/2018;Ile-de-France;12.38;26.2;19.29
08/05/2018;Ile-de-France;11.92;27.56;19.74
09/05/2018;Ile-de-France;11.74;22.7;17.22
10/05/2018;Ile-de-France;10.72;17.56;14.14
11/05/2018;Ile-de-France;6.02;21.5;13.76
12/05/2018;Ile-de-France;11.42;21.34;16.38
13/05/2018;Ile-de-France;8.92;14.58;11.75
14/05/2018;Ile-de-France;10.08;13.64;11.86
15/05/2018;Ile-de-France;11.22;20.12;15.67
16/05/2018;Ile-de-France;10.6;21.8;16.2
17/05/2018;Ile-de-France;9.94;19.14;14.54
18/05/2018;Ile-de-France;6.06;18.96;12.51
19/05/2018;Ile-de-France;6.8;19.72;13.26
20/05/2018;Ile-de-France;7.4;23.02;15.21
21/05/2018;Ile-de-France;10.88;24.06;17.47
22/05/2018;Ile-de-France;12.3;24.12;18.21
23/05/2018;Ile-de-France;12.38;21.1;16.74
24/05/2018;Ile-de-France;12.98;25.12;19.05
25/05/2018;Ile-de-France;12.72;26.58;19.65
26/05/2018;Ile-de-France;15.46;27.42;21.44
27/05/2018;Ile-de-France;17.28;28.26;22.77
28/05/2018;Ile-de-France;17.78;26.86;22.32
29/05/2018;Ile-de-France;15.42;23.56;19.49
30/05/2018;Ile-de-France;15.0;25.74;20.37
31/05/2018;Ile-de-France;16.16;24.98;20.57
01/06/2018;Ile-de-France;15.6;21.3;18.45
02/06/2018;Ile-de-France;15.02;24.7;19.86
03/06/2018;Ile-de-France;14.38;25.96;20.17
04/06/2018;Ile-de-France;17.44;25.96;21.7
05/06/2018;Ile-de-France;15.96;22.12;19.04
06/06/2018;Ile-de-France;14.6;24.34;19.47
07/06/2018;Ile-de-France;16.64;24.8;20.72
08/06/2018;Ile-de-France;15.06;25.36;20.21
09/06/2018;Ile-de-France;15.6;24.6;20.1
10/06/2018;Ile-de-France;16.18;25.04;20.61
11/06/2018;Ile-de-France;17.36;21.5;19.43
12/06/2018;Ile-de-France;14.78;19.28;17.03
13/06/2018;Ile-de-France;10.58;18.04;14.31
14/06/2018;Ile-de-France;10.24;21.14;15.69
15/06/2018;Ile-de-France;12.98;24.32;18.65
16/06/2018;Ile-de-France;13.76;22.9;18.33
17/06/2018;Ile-de-France;13.76;21.44;17.6
18/06/2018;Ile-de-France;16.1;24.06;20.08
19/06/2018;Ile-de-France;15.82;25.06;20.44
20/06/2018;Ile-de-France;14.56;28.64;21.6
21/06/2018;Ile-de-France;15.82;20.8;18.31
22/06/2018;Ile-de-France;8.3;21.4;14.85
23/06/2018;Ile-de-France;8.72;21.86;15.29
24/06/2018;Ile-de-France;12.7;22.78;17.74
25/06/2018;Ile-de-France;12.56;24.68;18.62
26/06/2018;Ile-de-France;14.28;26.96;20.62
27/06/2018;Ile-de-France;13.98;28.54;21.26
28/06/2018;Ile-de-France;15.82;27.94;21.88
29/06/2018;Ile-de-France;17.04;29.0;23.02
30/06/2018;Ile-de-France;17.58;31.7;24.64
01/07/2018;Ile-de-France;19.46;32.6;26.03
02/07/2018;Ile-de-France;19.12;29.9;24.51
03/07/2018;Ile-de-France;17.66;30.24;23.95
04/07/2018;Ile-de-France;17.82;29.64;23.73
05/07/2018;Ile-de-France;18.44;26.34;22.39
06/07/2018;Ile-de-France;15.4;29.1;22.25
07/07/2018;Ile-de-France;17.76;30.26;24.01
08/07/2018;Ile-de-France;17.8;29.98;23.89
09/07/2018;Ile-de-France;15.96;26.86;21.41
10/07/2018;Ile-de-France;16.34;22.48;19.41
11/07/2018;Ile-de-France;13.42;22.78;18.1
12/07/2018;Ile-de-France;14.46;25.46;19.96
13/07/2018;Ile-de-France;17.0;28.2;22.6
14/07/2018;Ile-de-France;17.12;29.82;23.47
15/07/2018;Ile-de-France;18.08;30.88;24.48
16/07/2018;Ile-de-France;17.52;30.44;23.98
17/07/2018;Ile-de-France;17.6;26.7;22.15
18/07/2018;Ile-de-France;15.62;28.6;22.11
19/07/2018;Ile-de-France;16.14;30.3;23.22
20/07/2018;Ile-de-France;18.64;25.74;22.19
21/07/2018;Ile-de-France;15.76;26.48;21.12
22/07/2018;Ile-de-France;15.74;27.86;21.8
23/07/2018;Ile-de-France;17.96;31.0;24.48
24/07/2018;Ile-de-France;18.4;31.72;25.06
25/07/2018;Ile-de-France;19.76;33.46;26.61
26/07/2018;Ile-de-France;20.26;35.72;27.99
27/07/2018;Ile-de-France;20.04;36.48;28.26
28/07/2018;Ile-de-France;18.44;26.14;22.29
29/07/2018;Ile-de-France;17.68;28.24;22.96
30/07/2018;Ile-de-France;18.52;28.8;23.66
31/07/2018;Ile-de-France;19.46;28.36;23.91
01/08/2018;Ile-de-France;17.0;30.58;23.79
02/08/2018;Ile-de-France;17.14;32.7;24.92
03/08/2018;Ile-de-France;19.42;34.88;27.15
04/08/2018;Ile-de-France;20.14;33.18;26.66
05/08/2018;Ile-de-France;17.5;30.94;24.22
06/08/2018;Ile-de-France;16.62;34.1;25.36
07/08/2018;Ile-de-France;18.88;36.84;27.86
08/08/2018;Ile-de-France;17.68;27.42;22.55
09/08/2018;Ile-de-France;15.64;19.42;17.53
10/08/2018;Ile-de-France;11.32;23.18;17.25
11/08/2018;Ile-de-France;13.34;25.42;19.38
12/08/2018;Ile-de-France;14.08;31.1;22.59
13/08/2018;Ile-de-France;17.56;24.64;21.1
14/08/2018;Ile-de-France;15.44;25.44;20.44
15/08/2018;Ile-de-France;15.02;25.42;20.22
16/08/2018;Ile-de-France;14.12;30.98;22.55
17/08/2018;Ile-de-France;15.7;24.98;20.34
18/08/2018;Ile-de-France;12.08;25.68;18.88
19/08/2018;Ile-de-France;13.56;28.64;21.1
20/08/2018;Ile-de-France;18.06;24.3;21.18
21/08/2018;Ile-de-France;17.84;26.94;22.39
22/08/2018;Ile-de-France;16.12;30.14;23.13
23/08/2018;Ile-de-France;16.5;27.14;21.82
24/08/2018;Ile-de-France;13.78;20.86;17.32
25/08/2018;Ile-de-France;12.2;20.3;16.25
26/08/2018;Ile-de-France;7.54;23.4;15.47
27/08/2018;Ile-de-France;16.58;23.82;20.2
28/08/2018;Ile-de-France;10.36;27.24;18.8
29/08/2018;Ile-de-France;16.6;21.88;19.24
30/08/2018;Ile-de-France;13.44;20.6;17.02
31/08/2018;Ile-de-France;13.86;22.52;18.19
01/09/2018;Ile-de-France;9.72;22.76;16.24
02/09/2018;Ile-de-France;10.12;24.18;17.15
03/09/2018;Ile-de-France;12.5;24.52;18.51
04/09/2018;Ile-de-France;15.76;20.84;18.3
05/09/2018;Ile-de-France;17.28;25.68;21.48
06/09/2018;Ile-de-France;17.24;21.56;19.4
07/09/2018;Ile-de-France;12.1;21.04;16.57
08/09/2018;Ile-de-France;8.12;23.86;15.99
09/09/2018;Ile-de-France;10.5;29.32;19.91
10/09/2018;Ile-de-France;13.96;25.32;19.64
11/09/2018;Ile-de-France;11.82;29.46;20.64
12/09/2018;Ile-de-France;13.08;27.96;20.52
13/09/2018;Ile-de-France;15.02;17.44;16.23
14/09/2018;Ile-de-France;11.5;21.7;16.6
15/09/2018;Ile-de-France;8.88;22.32;15.6
16/09/2018;Ile-de-France;9.36;25.16;17.26
17/09/2018;Ile-de-France;9.96;29.18;19.57
18/09/2018;Ile-de-France;16.8;24.62;20.71
19/09/2018;Ile-de-France;16.28;25.38;20.83
20/09/2018;Ile-de-France;14.02;25.34;19.68
21/09/2018;Ile-de-France;13.3;19.22;16.26
22/09/2018;Ile-de-France;10.52;19.9;15.21
23/09/2018;Ile-de-France;12.42;21.7;17.06
24/09/2018;Ile-de-France;6.84;17.12;11.98
25/09/2018;Ile-de-France;6.48;17.36;11.92
26/09/2018;Ile-de-France;5.46;21.18;13.32
27/09/2018;Ile-de-France;6.14;25.86;16.0
28/09/2018;Ile-de-France;10.7;19.22;14.96
29/09/2018;Ile-de-France;7.54;18.08;12.81
30/09/2018;Ile-de-France;4.22;18.12;11.17
01/10/2018;Ile-de-France;9.14;16.32;12.73
02/10/2018;Ile-de-France;9.24;15.6;12.42
03/10/2018;Ile-de-France;13.98;19.12;16.55
04/10/2018;Ile-de-France;9.44;20.86;15.15
05/10/2018;Ile-de-France;7.92;24.98;16.45
06/10/2018;Ile-de-France;10.46;23.34;16.9
07/10/2018;Ile-de-France;12.36;15.0;13.68
08/10/2018;Ile-de-France;6.74;18.34;12.54
09/10/2018;Ile-de-France;7.12;22.84;14.98
10/10/2018;Ile-de-France;10.76;25.0;17.88
11/10/2018;Ile-de-France;15.4;25.64;20.52
12/10/2018;Ile-de-France;14.56;25.52;20.04
13/10/2018;Ile-de-France;15.58;26.32;20.95
14/10/2018;Ile-de-France;14.92;26.02;20.47
15/10/2018;Ile-de-France;16.24;26.3;21.27
16/10/2018;Ile-de-France;13.8;25.3;19.55
17/10/2018;Ile-de-France;11.36;21.08;16.22
18/10/2018;Ile-de-France;11.54;20.28;15.91
19/10/2018;Ile-de-France;9.52;18.44;13.98
20/10/2018;Ile-de-France;7.64;17.3;12.47
21/10/2018;Ile-de-France;4.86;18.42;11.64
22/10/2018;Ile-de-France;9.5;14.4;11.95
23/10/2018;Ile-de-France;4.54;17.24;10.89
24/10/2018;Ile-de-France;8.82;15.82;12.32
25/10/2018;Ile-de-France;10.66;16.48;13.57
26/10/2018;Ile-de-France;7.68;14.04;10.86
27/10/2018;Ile-de-France;2.48;10.08;6.28
28/10/2018;Ile-de-France;3.98;7.8;5.89
29/10/2018;Ile-de-France;3.16;5.56;4.36
30/10/2018;Ile-de-France;2.94;11.02;6.98
31/10/2018;Ile-de-France;2.96;11.14;7.05
01/11/2018;Ile-de-France;8.0;12.5;10.25
02/11/2018;Ile-de-France;4.48;12.04;8.26
03/11/2018;Ile-de-France;0.02;11.02;5.52
04/11/2018;Ile-de-France;2.08;12.1;7.09
05/11/2018;Ile-de-France;8.46;19.18;13.82
06/11/2018;Ile-de-France;11.48;19.04;15.26
07/11/2018;Ile-de-France;8.78;13.02;10.9
08/11/2018;Ile-de-France;6.34;12.46;9.4
09/11/2018;Ile-de-France;5.56;14.48;10.02
10/11/2018;Ile-de-France;10.52;12.6;11.56
11/11/2018;Ile-de-France;10.74;12.42;11.58
12/11/2018;Ile-de-France;9.82;11.52;10.67
13/11/2018;Ile-de-France;9.18;14.9;12.04
14/11/2018;Ile-de-France;4.62;14.06;9.34
15/11/2018;Ile-de-France;6.58;9.86;8.22
16/11/2018;Ile-de-France;6.0;7.86;6.93
17/11/2018;Ile-de-France;1.66;8.0;4.83
18/11/2018;Ile-de-France;1.66;8.0;4.83
19/11/2018;Ile-de-France;-0.78;5.8;2.51
20/11/2018;Ile-de-France;0.96;2.76;1.86
21/11/2018;Ile-de-France;-2.68;5.84;1.58
22/11/2018;Ile-de-France;0.18;5.2;2.69
23/11/2018;Ile-de-France;2.08;7.12;4.6
24/11/2018;Ile-de-France;5.06;8.66;6.86
25/11/2018;Ile-de-France;4.24;8.3;6.27
26/11/2018;Ile-de-France;4.56;5.92;5.24
27/11/2018;Ile-de-France;4.68;9.78;7.23
28/11/2018;Ile-de-France;6.1;11.3;8.7
29/11/2018;Ile-de-France;9.88;14.14;12.01
30/11/2018;Ile-de-France;8.22;12.98;10.6
01/12/2018;Ile-de-France;4.94;13.16;9.05
02/12/2018;Ile-de-France;10.08;15.38;12.73
03/12/2018;Ile-de-France;10.96;14.36;12.66
04/12/2018;Ile-de-France;8.82;11.48;10.15
05/12/2018;Ile-de-France;7.64;12.14;9.89
06/12/2018;Ile-de-France;10.14;13.56;11.85
07/12/2018;Ile-de-France;8.02;11.9;9.96
08/12/2018;Ile-de-France;6.14;11.86;9.0
09/12/2018;Ile-de-France;8.18;10.9;9.54
10/12/2018;Ile-de-France;6.26;10.3;8.28
11/12/2018;Ile-de-France;2.48;8.3;5.39
12/12/2018;Ile-de-France;-0.78;4.86;2.04
13/12/2018;Ile-de-France;-0.56;3.64;1.54
14/12/2018;Ile-de-France;-2.8;2.14;-0.33
15/12/2018;Ile-de-France;-2.3;3.5;0.6
16/12/2018;Ile-de-France;0.36;7.34;3.85
17/12/2018;Ile-de-France;3.84;8.06;5.95
18/12/2018;Ile-de-France;3.66;8.54;6.1
19/12/2018;Ile-de-France;6.82;10.54;8.68
20/12/2018;Ile-de-France;6.52;11.74;9.13
21/12/2018;Ile-de-France;7.54;14.56;11.05
22/12/2018;Ile-de-France;10.22;12.48;11.35
23/12/2018;Ile-de-France;8.04;13.58;10.81
24/12/2018;Ile-de-France;6.08;8.86;7.47
25/12/2018;Ile-de-France;-0.24;6.9;3.33
26/12/2018;Ile-de-France;-2.0;2.3;0.15
27/12/2018;Ile-de-France;-2.16;0.62;-0.77
28/12/2018;Ile-de-France;-1.02;1.62;0.3
29/12/2018;Ile-de-France;0.36;7.54;3.95
30/12/2018;Ile-de-France;5.9;8.76;7.33
31/12/2018;Ile-de-France;7.52;9.32;8.42
01/01/2019;Ile-de-France;6.88;8.2;7.54
02/01/2019;Ile-de-France;3.92;6.74;5.33
03/01/2019;Ile-de-France;2.8;6.04;4.42
04/01/2019;Ile-de-France;1.56;5.58;3.57
05/01/2019;Ile-de-France;3.34;5.38;4.36
06/01/2019;Ile-de-France;3.5;5.76;4.63
07/01/2019;Ile-de-France;5.08;8.7;6.89
08/01/2019;Ile-de-France;6.46;9.16;7.81
09/01/2019;Ile-de-France;3.06;6.06;4.56
10/01/2019;Ile-de-France;0.4;4.84;2.62
11/01/2019;Ile-de-France;2.76;7.58;5.17
12/01/2019;Ile-de-France;5.46;9.48;7.47
13/01/2019;Ile-de-France;7.98;11.5;9.74
14/01/2019;Ile-de-France;7.3;9.0;8.15
15/01/2019;Ile-de-France;5.52;8.14;6.83
16/01/2019;Ile-de-France;0.66;7.32;3.99
17/01/2019;Ile-de-France;2.48;7.92;5.2
18/01/2019;Ile-de-France;-1.46;5.26;1.9
19/01/2019;Ile-de-France;-2.18;2.2;0.01
20/01/2019;Ile-de-France;1.24;2.7;1.97
21/01/2019;Ile-de-France;-3.52;2.86;-0.33
22/01/2019;Ile-de-France;-2.82;1.64;-0.59
23/01/2019;Ile-de-France;-0.1;1.4;0.65
24/01/2019;Ile-de-France;-1.82;2.28;0.23
25/01/2019;Ile-de-France;0.86;7.74;4.3
26/01/2019;Ile-de-France;4.78;9.02;6.9
27/01/2019;Ile-de-France;3.86;7.6;5.73
28/01/2019;Ile-de-France;1.78;6.72;4.25
29/01/2019;Ile-de-France;-1.82;4.26;1.22
30/01/2019;Ile-de-France;0.2;3.9;2.05
31/01/2019;Ile-de-France;-2.3;4.34;1.02
01/02/2019;Ile-de-France;1.52;7.18;4.35
02/02/2019;Ile-de-France;2.74;5.0;3.87
03/02/2019;Ile-de-France;1.44;6.4;3.92
04/02/2019;Ile-de-France;-1.46;3.46;1.0
05/02/2019;Ile-de-France;2.44;8.1;5.27
06/02/2019;Ile-de-France;1.8;9.98;5.89
07/02/2019;Ile-de-France;6.38;10.98;8.68
08/02/2019;Ile-de-France;5.82;9.82;7.82
09/02/2019;Ile-de-France;7.1;11.64;9.37
10/02/2019;Ile-de-France;5.82;10.24;8.03
11/02/2019;Ile-de-France;2.9;9.14;6.02
12/02/2019;Ile-de-France;-0.54;8.22;3.84
13/02/2019;Ile-de-France;-1.48;8.22;3.37
14/02/2019;Ile-de-France;-0.3;12.92;6.31
15/02/2019;Ile-de-France;1.68;15.72;8.7
16/02/2019;Ile-de-France;0.42;15.96;8.19
17/02/2019;Ile-de-France;2.22;17.52;9.87
18/02/2019;Ile-de-France;1.46;15.26;8.36
19/02/2019;Ile-de-France;5.66;11.02;8.34
20/02/2019;Ile-de-France;0.36;13.6;6.98
21/02/2019;Ile-de-France;2.24;16.24;9.24
22/02/2019;Ile-de-France;2.5;17.2;9.85
23/02/2019;Ile-de-France;5.3;15.76;10.53
24/02/2019;Ile-de-France;1.9;14.9;8.4
25/02/2019;Ile-de-France;2.92;17.36;10.14
26/02/2019;Ile-de-France;3.82;18.48;11.15
27/02/2019;Ile-de-France;3.04;20.6;11.82
28/02/2019;Ile-de-France;6.44;14.86;10.65
01/03/2019;Ile-de-France;8.58;11.48;10.03
02/03/2019;Ile-de-France;7.26;12.64;9.95
03/03/2019;Ile-de-France;9.28;14.64;11.96
04/03/2019;Ile-de-France;6.7;10.34;8.52
05/03/2019;Ile-de-France;4.5;12.0;8.25
06/03/2019;Ile-de-France;7.68;11.88;9.78
07/03/2019;Ile-de-France;6.8;12.44;9.62
08/03/2019;Ile-de-France;4.04;12.72;8.38
09/03/2019;Ile-de-France;8.0;14.74;11.37
10/03/2019;Ile-de-France;8.98;13.76;11.37
11/03/2019;Ile-de-France;2.92;10.26;6.59
12/03/2019;Ile-de-France;3.42;12.74;8.08
13/03/2019;Ile-de-France;3.96;11.22;7.59
14/03/2019;Ile-de-France;6.1;11.64;8.87
15/03/2019;Ile-de-France;10.3;13.76;12.03
16/03/2019;Ile-de-France;9.26;14.48;11.87
17/03/2019;Ile-de-France;4.32;9.86;7.09
18/03/2019;Ile-de-France;3.32;10.94;7.13
19/03/2019;Ile-de-France;1.14;13.44;7.29
20/03/2019;Ile-de-France;2.34;13.9;8.12
21/03/2019;Ile-de-France;3.76;16.24;10.0
22/03/2019;Ile-de-France;3.82;18.24;11.03
23/03/2019;Ile-de-France;3.94;14.14;9.04
24/03/2019;Ile-de-France;6.32;12.96;9.64
25/03/2019;Ile-de-France;2.64;12.46;7.55
26/03/2019;Ile-de-France;4.7;12.72;8.71
27/03/2019;Ile-de-France;3.32;13.36;8.34
28/03/2019;Ile-de-France;4.36;14.56;9.46
29/03/2019;Ile-de-France;5.02;18.04;11.53
30/03/2019;Ile-de-France;4.58;19.9;12.24
31/03/2019;Ile-de-France;4.96;20.56;12.76
01/04/2019;Ile-de-France;6.8;20.8;13.8
02/04/2019;Ile-de-France;7.88;17.66;12.77
03/04/2019;Ile-de-France;4.06;10.28;7.17
04/04/2019;Ile-de-France;1.18;12.34;6.76
05/04/2019;Ile-de-France;2.1;13.66;7.88
06/04/2019;Ile-de-France;3.92;17.2;10.56
07/04/2019;Ile-de-France;8.14;15.32;11.73
08/04/2019;Ile-de-France;6.0;16.82;11.41
09/04/2019;Ile-de-France;8.18;14.8;11.49
10/04/2019;Ile-de-France;8.72;12.54;10.63
11/04/2019;Ile-de-France;3.14;13.64;8.39
12/04/2019;Ile-de-France;1.88;11.46;6.67
13/04/2019;Ile-de-France;0.44;10.04;5.24
14/04/2019;Ile-de-France;-0.84;10.16;4.66
15/04/2019;Ile-de-France;1.14;15.98;8.56
16/04/2019;Ile-de-France;8.48;13.26;10.87
17/04/2019;Ile-de-France;4.8;18.56;11.68
18/04/2019;Ile-de-France;10.0;22.82;16.41
19/04/2019;Ile-de-France;9.7;24.58;17.14
20/04/2019;Ile-de-France;12.24;25.56;18.9
21/04/2019;Ile-de-France;10.2;24.38;17.29
22/04/2019;Ile-de-France;10.38;24.3;17.34
23/04/2019;Ile-de-France;12.46;20.38;16.42
24/04/2019;Ile-de-France;11.2;17.08;14.14
25/04/2019;Ile-de-France;9.76;15.44;12.6
26/04/2019;Ile-de-France;5.0;16.7;10.85
27/04/2019;Ile-de-France;6.98;13.38;10.18
28/04/2019;Ile-de-France;5.92;12.34;9.13
29/04/2019;Ile-de-France;3.88;16.28;10.08
30/04/2019;Ile-de-France;6.22;16.82;11.52
01/05/2019;Ile-de-France;6.52;18.94;12.73
02/05/2019;Ile-de-France;9.4;14.54;11.97
03/05/2019;Ile-de-France;6.4;16.02;11.21
04/05/2019;Ile-de-France;3.18;9.52;6.35
05/05/2019;Ile-de-France;2.82;12.22;7.52
06/05/2019;Ile-de-France;1.4;13.26;7.33
07/05/2019;Ile-de-France;4.34;16.38;10.36
08/05/2019;Ile-de-France;9.56;16.26;12.91
09/05/2019;Ile-de-France;9.36;15.06;12.21
10/05/2019;Ile-de-France;8.72;16.94;12.83
11/05/2019;Ile-de-France;9.3;17.0;13.15
12/05/2019;Ile-de-France;5.34;15.32;10.33
13/05/2019;Ile-de-France;5.72;17.48;11.6
14/05/2019;Ile-de-France;6.92;18.4;12.66
15/05/2019;Ile-de-France;7.04;18.54;12.79
16/05/2019;Ile-de-France;5.96;17.72;11.84
17/05/2019;Ile-de-France;8.24;18.8;13.52
18/05/2019;Ile-de-France;11.66;18.84;15.25
19/05/2019;Ile-de-France;10.88;18.08;14.48
20/05/2019;Ile-de-France;11.0;18.98;14.99
21/05/2019;Ile-de-France;9.72;20.02;14.87
22/05/2019;Ile-de-France;8.34;21.64;14.99
23/05/2019;Ile-de-France;8.64;22.62;15.63
24/05/2019;Ile-de-France;12.44;22.8;17.62
25/05/2019;Ile-de-France;12.36;21.14;16.75
26/05/2019;Ile-de-France;11.62;19.94;15.78
27/05/2019;Ile-de-France;14.34;20.74;17.54
28/05/2019;Ile-de-France;9.86;17.52;13.69
29/05/2019;Ile-de-France;8.0;19.74;13.87
30/05/2019;Ile-de-France;13.8;20.72;17.26
31/05/2019;Ile-de-France;12.34;24.86;18.6
01/06/2019;Ile-de-France;12.9;28.26;20.58
02/06/2019;Ile-de-France;16.32;31.96;24.14
03/06/2019;Ile-de-France;16.42;21.66;19.04
04/06/2019;Ile-de-France;13.88;27.82;20.85
05/06/2019;Ile-de-France;11.14;15.66;13.4
06/06/2019;Ile-de-France;10.16;20.0;15.08
07/06/2019;Ile-de-France;13.1;16.9;15.0
08/06/2019;Ile-de-France;11.34;19.66;15.5
09/06/2019;Ile-de-France;10.42;19.66;15.04
10/06/2019;Ile-de-France;11.96;18.32;15.14
11/06/2019;Ile-de-France;7.96;18.74;13.35
12/06/2019;Ile-de-France;8.92;17.54;13.23
13/06/2019;Ile-de-France;9.92;20.0;14.96
14/06/2019;Ile-de-France;12.54;23.24;17.89
15/06/2019;Ile-de-France;13.84;21.74;17.79
16/06/2019;Ile-de-France;12.94;22.88;17.91
17/06/2019;Ile-de-France;12.2;26.36;19.28
18/06/2019;Ile-de-France;14.46;28.54;21.5
19/06/2019;Ile-de-France;18.44;26.34;22.39
20/06/2019;Ile-de-France;14.28;21.16;17.72
21/06/2019;Ile-de-France;11.42;22.12;16.77
22/06/2019;Ile-de-France;11.96;24.56;18.26
23/06/2019;Ile-de-France;15.32;28.5;21.91
24/06/2019;Ile-de-France;19.24;30.6;24.92
25/06/2019;Ile-de-France;19.5;32.76;26.13
26/06/2019;Ile-de-France;20.14;33.4;26.77
27/06/2019;Ile-de-France;19.64;31.7;25.67
28/06/2019;Ile-de-France;17.94;32.22;25.08
29/06/2019;Ile-de-France;18.62;34.74;26.68
30/06/2019;Ile-de-France;18.84;28.54;23.69
01/07/2019;Ile-de-France;15.68;24.58;20.13
02/07/2019;Ile-de-France;12.26;25.14;18.7
03/07/2019;Ile-de-France;13.84;25.54;19.69
04/07/2019;Ile-de-France;13.16;27.44;20.3
05/07/2019;Ile-de-France;14.02;30.96;22.49
06/07/2019;Ile-de-France;16.54;32.14;24.34
07/07/2019;Ile-de-France;15.42;27.02;21.22
08/07/2019;Ile-de-France;14.6;23.66;19.13
09/07/2019;Ile-de-France;11.3;24.66;17.98
10/07/2019;Ile-de-France;13.64;27.32;20.48
11/07/2019;Ile-de-France;18.04;29.54;23.79
12/07/2019;Ile-de-France;15.42;26.92;21.17
13/07/2019;Ile-de-France;14.56;25.86;20.21
14/07/2019;Ile-de-France;12.74;22.24;17.49
15/07/2019;Ile-de-France;12.02;24.42;18.22
16/07/2019;Ile-de-France;11.64;26.3;18.97
17/07/2019;Ile-de-France;13.4;29.24;21.32
18/07/2019;Ile-de-France;15.58;27.46;21.52
19/07/2019;Ile-de-France;16.98;28.58;22.78
20/07/2019;Ile-de-France;17.58;27.9;22.74
21/07/2019;Ile-de-France;16.04;27.84;21.94
22/07/2019;Ile-de-France;15.46;32.22;23.84
23/07/2019;Ile-de-France;18.36;36.96;27.66
24/07/2019;Ile-de-France;22.8;38.88;30.84
25/07/2019;Ile-de-France;23.72;41.68;32.7
26/07/2019;Ile-de-France;21.4;30.4;25.9
27/07/2019;Ile-de-France;16.02;22.88;19.45
28/07/2019;Ile-de-France;14.64;24.82;19.73
29/07/2019;Ile-de-France;12.88;28.32;20.6
30/07/2019;Ile-de-France;16.52;25.44;20.98
31/07/2019;Ile-de-France;14.54;23.96;19.25
01/08/2019;Ile-de-France;14.32;27.08;20.7
02/08/2019;Ile-de-France;16.44;27.84;22.14
03/08/2019;Ile-de-France;14.68;24.98;19.83
04/08/2019;Ile-de-France;14.48;31.06;22.77
05/08/2019;Ile-de-France;17.02;27.32;22.17
06/08/2019;Ile-de-France;17.92;23.18;20.55
07/08/2019;Ile-de-France;16.76;25.96;21.36
08/08/2019;Ile-de-France;14.62;29.34;21.98
09/08/2019;Ile-de-France;20.22;25.3;22.76
10/08/2019;Ile-de-France;18.04;25.94;21.99
11/08/2019;Ile-de-France;13.62;22.36;17.99
12/08/2019;Ile-de-France;13.24;21.58;17.41
13/08/2019;Ile-de-France;10.66;21.16;15.91
14/08/2019;Ile-de-France;12.66;25.26;18.96
15/08/2019;Ile-de-France;16.72;23.76;20.24
16/08/2019;Ile-de-France;12.66;25.18;18.92
17/08/2019;Ile-de-France;16.98;20.2;18.59
18/08/2019;Ile-de-France;17.64;22.42;20.03
19/08/2019;Ile-de-France;13.26;22.98;18.12
20/08/2019;Ile-de-France;13.4;23.18;18.29
21/08/2019;Ile-de-France;11.04;23.92;17.48
22/08/2019;Ile-de-France;11.78;26.4;19.09
23/08/2019;Ile-de-France;13.18;28.42;20.8
24/08/2019;Ile-de-France;14.34;30.9;22.62
25/08/2019;Ile-de-France;15.96;32.24;24.1
26/08/2019;Ile-de-France;16.36;32.8;24.58
27/08/2019;Ile-de-France;18.28;33.22;25.75
28/08/2019;Ile-de-France;18.62;29.7;24.16
29/08/2019;Ile-de-France;17.78;24.82;21.3
30/08/2019;Ile-de-France;12.08;27.72;19.9
31/08/2019;Ile-de-France;16.28;31.38;23.83
01/09/2019;Ile-de-France;14.8;23.02;18.91
02/09/2019;Ile-de-France;10.4;22.68;16.54
03/09/2019;Ile-de-France;10.78;23.98;17.38
04/09/2019;Ile-de-France;11.52;24.96;18.24
05/09/2019;Ile-de-France;10.88;19.12;15.0
06/09/2019;Ile-de-France;6.82;21.54;14.18
07/09/2019;Ile-de-France;13.0;19.84;16.42
08/09/2019;Ile-de-France;10.02;19.22;14.62
09/09/2019;Ile-de-France;6.88;20.06;13.47
10/09/2019;Ile-de-France;9.42;22.8;16.11
11/09/2019;Ile-de-France;11.84;24.36;18.1
12/09/2019;Ile-de-France;15.56;24.02;19.79
13/09/2019;Ile-de-France;15.1;23.68;19.39
14/09/2019;Ile-de-France;13.22;25.96;19.59
15/09/2019;Ile-de-France;12.22;27.58;19.9
16/09/2019;Ile-de-France;12.5;26.6;19.55
17/09/2019;Ile-de-France;15.32;22.4;18.86
18/09/2019;Ile-de-France;9.42;19.58;14.5
19/09/2019;Ile-de-France;9.28;19.78;14.53
20/09/2019;Ile-de-France;9.02;23.66;16.34
21/09/2019;Ile-de-France;11.0;28.0;19.5
22/09/2019;Ile-de-France;16.02;21.94;18.98
23/09/2019;Ile-de-France;13.16;21.94;17.55
24/09/2019;Ile-de-France;14.62;20.06;17.34
25/09/2019;Ile-de-France;13.02;19.14;16.08
26/09/2019;Ile-de-France;15.62;20.8;18.21
27/09/2019;Ile-de-France;13.7;20.16;16.93
28/09/2019;Ile-de-France;12.96;19.76;16.36
29/09/2019;Ile-de-France;12.94;20.14;16.54
30/09/2019;Ile-de-France;11.42;18.86;15.14
01/10/2019;Ile-de-France;14.84;21.28;18.06
02/10/2019;Ile-de-France;11.32;17.04;14.18
03/10/2019;Ile-de-France;3.3;13.3;8.3
04/10/2019;Ile-de-France;8.98;16.5;12.74
05/10/2019;Ile-de-France;12.5;17.66;15.08
06/10/2019;Ile-de-France;13.28;18.36;15.82
07/10/2019;Ile-de-France;11.18;17.86;14.52
08/10/2019;Ile-de-France;12.34;15.34;13.84
09/10/2019;Ile-de-France;10.48;16.36;13.42
10/10/2019;Ile-de-France;10.62;17.94;14.28
11/10/2019;Ile-de-France;10.42;20.14;15.28
12/10/2019;Ile-de-France;11.46;20.76;16.11
13/10/2019;Ile-de-France;14.62;25.34;19.98
14/10/2019;Ile-de-France;13.64;24.3;18.97
15/10/2019;Ile-de-France;12.88;16.14;14.51
16/10/2019;Ile-de-France;10.56;16.36;13.46
17/10/2019;Ile-de-France;11.7;16.66;14.18
18/10/2019;Ile-de-France;10.58;16.44;13.51
19/10/2019;Ile-de-France;11.68;14.7;13.19
20/10/2019;Ile-de-France;10.38;12.54;11.46
21/10/2019;Ile-de-France;10.08;15.24;12.66
22/10/2019;Ile-de-France;5.36;13.06;9.21
23/10/2019;Ile-de-France;10.18;14.68;12.43
24/10/2019;Ile-de-France;11.94;17.06;14.5
25/10/2019;Ile-de-France;9.86;16.52;13.19
26/10/2019;Ile-de-France;10.32;20.08;15.2
27/10/2019;Ile-de-France;7.62;12.2;9.91
28/10/2019;Ile-de-France;6.68;12.42;9.55
29/10/2019;Ile-de-France;7.62;11.32;9.47
30/10/2019;Ile-de-France;7.58;10.28;8.93
31/10/2019;Ile-de-France;8.34;12.34;10.34
01/11/2019;Ile-de-France;10.0;16.0;13.0
02/11/2019;Ile-de-France;11.6;14.12;12.86
03/11/2019;Ile-de-France;10.3;12.94;11.62
04/11/2019;Ile-de-France;9.48;14.62;12.05
05/11/2019;Ile-de-France;7.44;12.62;10.03
06/11/2019;Ile-de-France;7.2;12.7;9.95
07/11/2019;Ile-de-France;7.54;11.12;9.33
08/11/2019;Ile-de-France;3.3;10.02;6.66
09/11/2019;Ile-de-France;2.6;8.82;5.71
10/11/2019;Ile-de-France;5.24;7.32;6.28
11/11/2019;Ile-de-France;4.06;8.84;6.45
12/11/2019;Ile-de-France;3.48;8.94;6.21
13/11/2019;Ile-de-France;2.74;10.62;6.68
14/11/2019;Ile-de-France;4.62;7.0;5.81
15/11/2019;Ile-de-France;0.76;4.76;2.76
16/11/2019;Ile-de-France;1.28;6.32;3.8
17/11/2019;Ile-de-France;4.62;8.6;6.61
18/11/2019;Ile-de-France;3.44;7.94;5.69
19/11/2019;Ile-de-France;4.0;9.9;6.95
20/11/2019;Ile-de-France;-0.08;6.86;3.39
21/11/2019;Ile-de-France;0.14;10.48;5.31
22/11/2019;Ile-de-France;4.8;11.94;8.37
23/11/2019;Ile-de-France;8.42;10.54;9.48
24/11/2019;Ile-de-France;5.58;11.76;8.67
25/11/2019;Ile-de-France;7.02;12.84;9.93
26/11/2019;Ile-de-France;10.14;12.64;11.39
27/11/2019;Ile-de-France;9.98;12.26;11.12
28/11/2019;Ile-de-France;9.98;12.08;11.03
29/11/2019;Ile-de-France;7.66;9.5;8.58
30/11/2019;Ile-de-France;3.28;8.4;5.84
01/12/2019;Ile-de-France;2.74;3.8;3.27
02/12/2019;Ile-de-France;-0.26;6.44;3.09
03/12/2019;Ile-de-France;0.58;5.2;2.89
04/12/2019;Ile-de-France;-1.0;5.58;2.29
05/12/2019;Ile-de-France;-2.38;1.1;-0.64
06/12/2019;Ile-de-France;-0.92;9.88;4.48
07/12/2019;Ile-de-France;7.66;11.24;9.45
08/12/2019;Ile-de-France;8.84;12.1;10.47
09/12/2019;Ile-de-France;5.82;9.94;7.88
10/12/2019;Ile-de-France;-0.24;7.56;3.66
11/12/2019;Ile-de-France;5.8;8.06;6.93
12/12/2019;Ile-de-France;2.04;8.54;5.29
13/12/2019;Ile-de-France;5.2;11.46;8.33
14/12/2019;Ile-de-France;6.32;10.92;8.62
15/12/2019;Ile-de-France;7.44;10.48;8.96
16/12/2019;Ile-de-France;7.68;11.52;9.6
17/12/2019;Ile-de-France;8.28;15.52;11.9
18/12/2019;Ile-de-France;4.62;11.36;7.99
19/12/2019;Ile-de-France;9.04;14.36;11.7
20/12/2019;Ile-de-France;8.22;12.34;10.28
21/12/2019;Ile-de-France;6.54;10.66;8.6
22/12/2019;Ile-de-France;7.82;10.34;9.08
23/12/2019;Ile-de-France;7.0;10.8;8.9
24/12/2019;Ile-de-France;7.32;12.82;10.07
25/12/2019;Ile-de-France;5.82;10.34;8.08
26/12/2019;Ile-de-France;3.06;11.04;7.05
27/12/2019;Ile-de-France;8.32;9.44;8.88
28/12/2019;Ile-de-France;5.04;8.06;6.55
29/12/2019;Ile-de-France;-0.36;5.66;2.65
30/12/2019;Ile-de-France;-1.22;8.22;3.5
31/12/2019;Ile-de-France;-1.68;5.32;1.82
01/01/2020;Ile-de-France;-1.42;5.42;2.0
02/01/2020;Ile-de-France;3.68;8.94;6.31
03/01/2020;Ile-de-France;8.02;11.88;9.95
04/01/2020;Ile-de-France;2.7;8.92;5.81
05/01/2020;Ile-de-France;6.04;8.62;7.33
06/01/2020;Ile-de-France;0.12;7.9;4.01
07/01/2020;Ile-de-France;4.78;11.52;8.15
08/01/2020;Ile-de-France;8.44;11.9;10.17
09/01/2020;Ile-de-France;10.5;12.14;11.32
10/01/2020;Ile-de-France;6.86;9.1;7.98
11/01/2020;Ile-de-France;2.18;8.64;5.41
12/01/2020;Ile-de-France;2.28;8.78;5.53
13/01/2020;Ile-de-France;6.2;10.08;8.14
14/01/2020;Ile-de-France;8.7;11.94;10.32
15/01/2020;Ile-de-France;8.42;12.78;10.6
16/01/2020;Ile-de-France;3.74;13.98;8.86
17/01/2020;Ile-de-France;6.38;11.76;9.07
18/01/2020;Ile-de-France;1.88;9.1;5.49
19/01/2020;Ile-de-France;0.72;7.0;3.86
20/01/2020;Ile-de-France;0.88;5.78;3.33
21/01/2020;Ile-de-France;-1.0;5.06;2.03
22/01/2020;Ile-de-France;-2.7;3.62;0.46
23/01/2020;Ile-de-France;-1.48;3.5;1.01
24/01/2020;Ile-de-France;-1.6;4.38;1.39
25/01/2020;Ile-de-France;-2.12;5.84;1.86
26/01/2020;Ile-de-France;1.42;9.04;5.23
27/01/2020;Ile-de-France;6.98;8.92;7.95
28/01/2020;Ile-de-France;4.16;7.8;5.98
29/01/2020;Ile-de-France;4.34;9.7;7.02
30/01/2020;Ile-de-France;3.06;13.12;8.09
31/01/2020;Ile-de-France;11.02;14.14;12.58
01/02/2020;Ile-de-France;11.12;14.06;12.59
02/02/2020;Ile-de-France;10.6;15.56;13.08
03/02/2020;Ile-de-France;10.6;13.62;12.11
04/02/2020;Ile-de-France;4.86;9.08;6.97
05/02/2020;Ile-de-France;5.78;9.76;7.77
06/02/2020;Ile-de-France;0.86;10.08;5.47
07/02/2020;Ile-de-France;0.86;11.26;6.06
08/02/2020;Ile-de-France;7.3;10.68;8.99
09/02/2020;Ile-de-France;6.82;13.8;10.31
10/02/2020;Ile-de-France;7.6;11.8;9.7
11/02/2020;Ile-de-France;4.88;9.4;7.14
12/02/2020;Ile-de-France;3.46;9.54;6.5
13/02/2020;Ile-de-France;4.8;12.74;8.77
14/02/2020;Ile-de-France;7.74;12.02;9.88
15/02/2020;Ile-de-France;5.82;14.04;9.93
16/02/2020;Ile-de-France;10.96;17.9;14.43
17/02/2020;Ile-de-France;7.32;12.56;9.94
18/02/2020;Ile-de-France;3.48;11.02;7.25
19/02/2020;Ile-de-France;4.46;9.78;7.12
20/02/2020;Ile-de-France;6.76;11.32;9.04
21/02/2020;Ile-de-France;1.86;10.24;6.05
22/02/2020;Ile-de-France;3.72;12.72;8.22
23/02/2020;Ile-de-France;9.3;12.92;11.11
24/02/2020;Ile-de-France;10.1;12.54;11.32
25/02/2020;Ile-de-France;6.18;11.2;8.69
26/02/2020;Ile-de-France;1.82;7.4;4.61
27/02/2020;Ile-de-France;2.44;11.7;7.07
28/02/2020;Ile-de-France;0.6;10.78;5.69
29/02/2020;Ile-de-France;6.36;12.66;9.51
01/03/2020;Ile-de-France;1.86;9.34;5.6
02/03/2020;Ile-de-France;3.74;9.24;6.49
03/03/2020;Ile-de-France;1.24;9.06;5.15
04/03/2020;Ile-de-France;2.22;8.82;5.52
05/03/2020;Ile-de-France;6.28;12.96;9.62
06/03/2020;Ile-de-France;5.32;9.88;7.6
07/03/2020;Ile-de-France;1.76;11.48;6.62
08/03/2020;Ile-de-France;7.2;10.86;9.03
09/03/2020;Ile-de-France;4.62;12.08;8.35
10/03/2020;Ile-de-France;6.82;14.72;10.77
11/03/2020;Ile-de-France;12.26;16.9;14.58
12/03/2020;Ile-de-France;8.94;13.32;11.13
13/03/2020;Ile-de-France;3.56;12.56;8.06
14/03/2020;Ile-de-France;5.94;11.54;8.74
15/03/2020;Ile-de-France;6.92;16.78;11.85
16/03/2020;Ile-de-France;6.04;11.34;8.69
17/03/2020;Ile-de-France;8.1;15.36;11.73
18/03/2020;Ile-de-France;9.02;18.36;13.69
19/03/2020;Ile-de-France;6.6;20.34;13.47
20/03/2020;Ile-de-France;9.76;16.54;13.15
21/03/2020;Ile-de-France;5.94;8.32;7.13
22/03/2020;Ile-de-France;5.02;11.18;8.1
23/03/2020;Ile-de-France;1.14;11.46;6.3
24/03/2020;Ile-de-France;0.28;13.0;6.64
25/03/2020;Ile-de-France;0.2;12.48;6.34
26/03/2020;Ile-de-France;1.62;11.04;6.33
27/03/2020;Ile-de-France;1.78;13.58;7.68
28/03/2020;Ile-de-France;3.44;16.82;10.13
29/03/2020;Ile-de-France;3.98;9.24;6.61
30/03/2020;Ile-de-France;-0.48;9.68;4.6
31/03/2020;Ile-de-France;1.36;11.98;6.67
01/04/2020;Ile-de-France;0.64;12.86;6.75
02/04/2020;Ile-de-France;0.78;11.1;5.94
03/04/2020;Ile-de-France;5.64;14.54;10.09
04/04/2020;Ile-de-France;3.56;17.0;10.28
05/04/2020;Ile-de-France;5.5;22.58;14.04
06/04/2020;Ile-de-France;9.34;16.86;13.1
07/04/2020;Ile-de-France;9.54;22.96;16.25
08/04/2020;Ile-de-France;8.16;24.88;16.52
09/04/2020;Ile-de-France;8.28;25.64;16.96
10/04/2020;Ile-de-France;9.72;25.16;17.44
11/04/2020;Ile-de-France;11.32;25.38;18.35
12/04/2020;Ile-de-France;10.78;24.84;17.81
13/04/2020;Ile-de-France;10.12;17.44;13.78
14/04/2020;Ile-de-France;2.56;13.32;7.94
15/04/2020;Ile-de-France;3.7;19.28;11.49
16/04/2020;Ile-de-France;8.4;23.88;16.14
17/04/2020;Ile-de-France;11.98;24.48;18.23
18/04/2020;Ile-de-France;13.58;23.46;18.52
19/04/2020;Ile-de-France;11.48;20.1;15.79
20/04/2020;Ile-de-France;10.34;21.38;15.86
21/04/2020;Ile-de-France;10.08;20.5;15.29
22/04/2020;Ile-de-France;10.34;22.04;16.19
23/04/2020;Ile-de-France;9.12;25.64;17.38
24/04/2020;Ile-de-France;11.0;24.86;17.93
25/04/2020;Ile-de-France;11.26;19.92;15.59
26/04/2020;Ile-de-France;6.06;21.08;13.57
27/04/2020;Ile-de-France;8.68;24.56;16.62
28/04/2020;Ile-de-France;12.92;18.58;15.75
29/04/2020;Ile-de-France;9.8;16.3;13.05
30/04/2020;Ile-de-France;8.52;14.74;11.63
01/05/2020;Ile-de-France;8.68;17.46;13.07
02/05/2020;Ile-de-France;6.32;17.28;11.8
03/05/2020;Ile-de-France;9.56;20.22;14.89
04/05/2020;Ile-de-France;10.44;19.42;14.93
05/05/2020;Ile-de-France;10.34;14.98;12.66
06/05/2020;Ile-de-France;11.1;20.52;15.81
07/05/2020;Ile-de-France;6.82;22.18;14.5
08/05/2020;Ile-de-France;8.68;24.1;16.39
09/05/2020;Ile-de-France;15.7;23.28;19.49
10/05/2020;Ile-de-France;14.06;22.94;18.5
11/05/2020;Ile-de-France;6.04;13.86;9.95
12/05/2020;Ile-de-France;4.24;14.36;9.3
13/05/2020;Ile-de-France;5.58;15.76;10.67
14/05/2020;Ile-de-France;4.88;15.3;10.09
15/05/2020;Ile-de-France;5.08;17.52;11.3
16/05/2020;Ile-de-France;6.0;19.14;12.57
17/05/2020;Ile-de-France;6.84;20.8;13.82
18/05/2020;Ile-de-France;9.3;23.54;16.42
19/05/2020;Ile-de-France;8.62;24.22;16.42
20/05/2020;Ile-de-France;12.14;27.08;19.61
21/05/2020;Ile-de-France;14.06;29.36;21.71
22/05/2020;Ile-de-France;16.82;26.24;21.53
23/05/2020;Ile-de-France;11.56;20.2;15.88
24/05/2020;Ile-de-France;9.26;20.28;14.77
25/05/2020;Ile-de-France;10.24;23.52;16.88
26/05/2020;Ile-de-France;12.52;25.0;18.76
27/05/2020;Ile-de-France;13.46;25.62;19.54
28/05/2020;Ile-de-France;11.9;24.28;18.09
29/05/2020;Ile-de-France;11.7;24.28;17.99
30/05/2020;Ile-de-France;11.74;24.72;18.23
31/05/2020;Ile-de-France;12.78;23.28;18.03
01/06/2020;Ile-de-France;12.52;26.4;19.46
02/06/2020;Ile-de-France;13.8;29.34;21.57
03/06/2020;Ile-de-France;15.78;26.8;21.29
04/06/2020;Ile-de-France;12.14;16.88;14.51
05/06/2020;Ile-de-France;10.82;17.58;14.2
06/06/2020;Ile-de-France;10.52;18.6;14.56
07/06/2020;Ile-de-France;8.46;19.98;14.22
08/06/2020;Ile-de-France;10.14;18.96;14.55
09/06/2020;Ile-de-France;10.72;18.94;14.83
10/06/2020;Ile-de-France;9.04;20.64;14.84
11/06/2020;Ile-de-France;11.32;23.34;17.33
12/06/2020;Ile-de-France;13.74;20.48;17.11
13/06/2020;Ile-de-France;12.08;23.62;17.85
14/06/2020;Ile-de-France;12.56;22.62;17.59
15/06/2020;Ile-de-France;13.26;22.68;17.97
16/06/2020;Ile-de-France;13.52;23.16;18.34
17/06/2020;Ile-de-France;13.24;20.94;17.09
18/06/2020;Ile-de-France;12.86;21.68;17.27
19/06/2020;Ile-de-France;11.98;20.88;16.43
20/06/2020;Ile-de-France;14.26;24.42;19.34
21/06/2020;Ile-de-France;13.66;22.54;18.1
22/06/2020;Ile-de-France;10.84;24.14;17.49
23/06/2020;Ile-de-France;12.84;29.4;21.12
24/06/2020;Ile-de-France;16.78;32.36;24.57
25/06/2020;Ile-de-France;19.06;34.18;26.62
26/06/2020;Ile-de-France;20.2;31.22;25.71
27/06/2020;Ile-de-France;17.58;23.04;20.31
28/06/2020;Ile-de-France;15.56;23.12;19.34
29/06/2020;Ile-de-France;14.1;22.64;18.37
30/06/2020;Ile-de-France;14.52;22.32;18.42
01/07/2020;Ile-de-France;17.54;23.68;20.61
02/07/2020;Ile-de-France;14.2;22.32;18.26
03/07/2020;Ile-de-France;12.12;23.0;17.56
04/07/2020;Ile-de-France;13.6;23.64;18.62
05/07/2020;Ile-de-France;17.98;24.92;21.45
06/07/2020;Ile-de-France;11.3;22.24;16.77
07/07/2020;Ile-de-France;9.7;25.02;17.36
08/07/2020;Ile-de-France;12.62;28.04;20.33
09/07/2020;Ile-de-France;15.58;31.6;23.59
10/07/2020;Ile-de-France;16.6;23.4;20.0
11/07/2020;Ile-de-France;10.5;23.78;17.14
12/07/2020;Ile-de-France;11.18;25.4;18.29
13/07/2020;Ile-de-France;13.22;27.38;20.3
14/07/2020;Ile-de-France;14.8;22.96;18.88
15/07/2020;Ile-de-France;15.44;22.44;18.94
16/07/2020;Ile-de-France;15.44;21.1;18.27
17/07/2020;Ile-de-France;15.68;26.66;21.17
18/07/2020;Ile-de-France;14.42;29.26;21.84
19/07/2020;Ile-de-France;14.14;30.8;22.47
20/07/2020;Ile-de-France;16.08;26.12;21.1
21/07/2020;Ile-de-France;13.02;25.84;19.43
22/07/2020;Ile-de-France;12.68;25.5;19.09
23/07/2020;Ile-de-France;13.02;28.76;20.89
24/07/2020;Ile-de-France;16.48;25.26;20.87
25/07/2020;Ile-de-France;15.54;27.18;21.36
26/07/2020;Ile-de-France;15.84;25.68;20.76
27/07/2020;Ile-de-France;14.78;31.84;23.31
28/07/2020;Ile-de-France;17.84;24.54;21.19
29/07/2020;Ile-de-France;11.74;26.8;19.27
30/07/2020;Ile-de-France;13.3;32.46;22.88
31/07/2020;Ile-de-France;19.24;38.82;29.03
01/08/2020;Ile-de-France;18.86;27.98;23.42
02/08/2020;Ile-de-France;16.12;24.58;20.35
03/08/2020;Ile-de-France;13.82;23.32;18.57
04/08/2020;Ile-de-France;11.86;25.94;18.9
05/08/2020;Ile-de-France;12.42;30.96;21.69
06/08/2020;Ile-de-France;15.0;34.32;24.66
07/08/2020;Ile-de-France;19.32;36.2;27.76
08/08/2020;Ile-de-France;19.84;37.34;28.59
09/08/2020;Ile-de-France;22.68;38.38;30.53
10/08/2020;Ile-de-France;21.7;34.12;27.91
11/08/2020;Ile-de-France;21.28;36.2;28.74
12/08/2020;Ile-de-France;21.12;35.58;28.35
13/08/2020;Ile-de-France;19.72;28.4;24.06
14/08/2020;Ile-de-France;18.68;27.18;22.93
15/08/2020;Ile-de-France;17.64;28.26;22.95
16/08/2020;Ile-de-France;17.28;27.38;22.33
17/08/2020;Ile-de-France;16.14;24.04;20.09
18/08/2020;Ile-de-France;15.84;26.88;21.36
19/08/2020;Ile-de-France;16.94;25.58;21.26
20/08/2020;Ile-de-France;19.5;32.24;25.87
21/08/2020;Ile-de-France;20.3;29.08;24.69
22/08/2020;Ile-de-France;16.1;26.12;21.11
23/08/2020;Ile-de-France;14.64;23.22;18.93
24/08/2020;Ile-de-France;12.98;22.8;17.89
25/08/2020;Ile-de-France;14.52;29.06;21.79
26/08/2020;Ile-de-France;15.72;24.5;20.11
27/08/2020;Ile-de-France;12.44;26.42;19.43
28/08/2020;Ile-de-France;14.42;22.5;18.46
29/08/2020;Ile-de-France;11.64;18.74;15.19
30/08/2020;Ile-de-France;11.84;21.08;16.46
31/08/2020;Ile-de-France;11.58;20.5;16.04
01/09/2020;Ile-de-France;9.5;21.8;15.65
02/09/2020;Ile-de-France;9.78;22.2;15.99
03/09/2020;Ile-de-France;14.88;27.4;21.14
04/09/2020;Ile-de-France;16.9;29.48;23.19
05/09/2020;Ile-de-France;14.84;21.32;18.08
06/09/2020;Ile-de-France;10.7;20.18;15.44
07/09/2020;Ile-de-France;9.8;23.34;16.57
08/09/2020;Ile-de-France;12.7;26.24;19.47
09/09/2020;Ile-de-France;17.52;27.72;22.62
10/09/2020;Ile-de-France;15.82;26.46;21.14
11/09/2020;Ile-de-France;14.3;26.82;20.56
12/09/2020;Ile-de-France;12.28;23.14;17.71
13/09/2020;Ile-de-France;11.26;28.06;19.66
14/09/2020;Ile-de-France;12.92;33.8;23.36
15/09/2020;Ile-de-France;17.34;34.16;25.75
16/09/2020;Ile-de-France;16.48;31.4;23.94
17/09/2020;Ile-de-France;16.84;25.96;21.4
18/09/2020;Ile-de-France;13.28;27.58;20.43
19/09/2020;Ile-de-France;20.68;28.84;24.76
20/09/2020;Ile-de-France;16.46;27.94;22.2
21/09/2020;Ile-de-France;13.12;26.64;19.88
22/09/2020;Ile-de-France;10.46;26.18;18.32
23/09/2020;Ile-de-France;15.12;23.0;19.06
24/09/2020;Ile-de-France;10.24;17.92;14.08
25/09/2020;Ile-de-France;8.98;14.0;11.49
26/09/2020;Ile-de-France;8.08;15.32;11.7
27/09/2020;Ile-de-France;9.72;14.28;12.0
28/09/2020;Ile-de-France;12.06;15.14;13.6
29/09/2020;Ile-de-France;11.9;17.88;14.89
30/09/2020;Ile-de-France;14.28;19.7;16.99
01/10/2020;Ile-de-France;12.3;17.0;14.65
02/10/2020;Ile-de-France;10.6;14.54;12.57
03/10/2020;Ile-de-France;8.54;14.4;11.47
04/10/2020;Ile-de-France;8.54;15.48;12.01
05/10/2020;Ile-de-France;10.06;13.52;11.79
06/10/2020;Ile-de-France;11.46;16.36;13.91
07/10/2020;Ile-de-France;11.28;17.92;14.6
08/10/2020;Ile-de-France;12.88;18.6;15.74
09/10/2020;Ile-de-France;13.2;17.32;15.26
10/10/2020;Ile-de-France;8.42;15.02;11.72
11/10/2020;Ile-de-France;8.52;14.46;11.49
12/10/2020;Ile-de-France;5.84;13.86;9.85
13/10/2020;Ile-de-France;8.9;13.6;11.25
14/10/2020;Ile-de-France;6.34;14.22;10.28
15/10/2020;Ile-de-France;7.42;12.76;10.09
16/10/2020;Ile-de-France;8.32;13.82;11.07
17/10/2020;Ile-de-France;8.68;12.66;10.67
18/10/2020;Ile-de-France;4.24;15.4;9.82
19/10/2020;Ile-de-France;4.0;14.76;9.38
20/10/2020;Ile-de-France;9.32;14.74;12.03
21/10/2020;Ile-de-France;12.9;21.34;17.12
22/10/2020;Ile-de-France;13.52;20.22;16.87
23/10/2020;Ile-de-France;13.76;19.12;16.44
24/10/2020;Ile-de-France;10.7;15.82;13.26
25/10/2020;Ile-de-France;10.48;12.2;11.34
26/10/2020;Ile-de-France;6.84;14.08;10.46
27/10/2020;Ile-de-France;7.52;13.16;10.34
28/10/2020;Ile-de-France;9.5;14.0;11.75
29/10/2020;Ile-de-France;10.12;14.54;12.33
30/10/2020;Ile-de-France;13.16;15.66;14.41
31/10/2020;Ile-de-France;9.6;17.96;13.78
01/11/2020;Ile-de-France;12.72;18.26;15.49
02/11/2020;Ile-de-France;12.56;19.56;16.06
03/11/2020;Ile-de-France;6.2;12.76;9.48
04/11/2020;Ile-de-France;1.2;11.22;6.21
05/11/2020;Ile-de-France;3.36;11.66;7.51
06/11/2020;Ile-de-France;2.92;13.16;8.04
07/11/2020;Ile-de-France;6.44;16.18;11.31
08/11/2020;Ile-de-France;10.26;17.44;13.85
09/11/2020;Ile-de-France;8.98;18.26;13.62
10/11/2020;Ile-de-France;11.58;14.42;13.0
11/11/2020;Ile-de-France;8.92;12.0;10.46
12/11/2020;Ile-de-France;9.04;14.16;11.6
13/11/2020;Ile-de-France;6.78;15.74;11.26
14/11/2020;Ile-de-France;9.92;17.44;13.68
15/11/2020;Ile-de-France;11.54;15.0;13.27
16/11/2020;Ile-de-France;9.72;12.12;10.92
17/11/2020;Ile-de-France;9.38;13.28;11.33
18/11/2020;Ile-de-France;5.64;16.18;10.91
19/11/2020;Ile-de-France;7.42;11.7;9.56
20/11/2020;Ile-de-France;3.46;10.28;6.87
21/11/2020;Ile-de-France;3.3;10.92;7.11
22/11/2020;Ile-de-France;3.34;10.32;6.83
23/11/2020;Ile-de-France;7.14;12.34;9.74
24/11/2020;Ile-de-France;3.9;9.8;6.85
25/11/2020;Ile-de-France;3.72;12.1;7.91
26/11/2020;Ile-de-France;2.04;11.72;6.88
27/11/2020;Ile-de-France;4.78;11.48;8.13
28/11/2020;Ile-de-France;2.76;11.24;7.0
29/11/2020;Ile-de-France;1.6;4.02;2.81
30/11/2020;Ile-de-France;-0.04;8.2;4.08
01/12/2020;Ile-de-France;3.38;8.8;6.09
02/12/2020;Ile-de-France;5.74;7.98;6.86
03/12/2020;Ile-de-France;5.06;7.8;6.43
04/12/2020;Ile-de-France;4.16;7.7;5.93
05/12/2020;Ile-de-France;2.22;6.12;4.17
06/12/2020;Ile-de-France;2.92;6.58;4.75
07/12/2020;Ile-de-France;0.24;5.18;2.71
08/12/2020;Ile-de-France;1.08;5.28;3.18
09/12/2020;Ile-de-France;-1.16;3.84;1.34
10/12/2020;Ile-de-France;2.44;7.64;5.04
11/12/2020;Ile-de-France;5.18;11.1;8.14
12/12/2020;Ile-de-France;7.82;10.46;9.14
13/12/2020;Ile-de-France;1.9;9.4;5.65
14/12/2020;Ile-de-France;7.42;11.98;9.7
15/12/2020;Ile-de-France;8.24;12.2;10.22
16/12/2020;Ile-de-France;4.7;10.74;7.72
17/12/2020;Ile-de-France;7.76;11.0;9.38
18/12/2020;Ile-de-France;4.9;11.58;8.24
19/12/2020;Ile-de-France;5.9;11.3;8.6
20/12/2020;Ile-de-France;7.76;11.5;9.63
21/12/2020;Ile-de-France;6.78;13.84;10.31
22/12/2020;Ile-de-France;12.82;15.06;13.94
23/12/2020;Ile-de-France;10.46;13.52;11.99
24/12/2020;Ile-de-France;4.48;7.78;6.13
25/12/2020;Ile-de-France;2.5;6.08;4.29
26/12/2020;Ile-de-France;-0.06;5.74;2.84
27/12/2020;Ile-de-France;3.66;7.06;5.36
28/12/2020;Ile-de-France;2.36;5.3;3.83
29/12/2020;Ile-de-France;1.48;4.7;3.09
30/12/2020;Ile-de-France;1.82;6.76;4.29
31/12/2020;Ile-de-France;2.08;5.9;3.99
